Filename,Category
Img1137.jpg,Toddler
Img3633.jpg,Adults
Img1474.jpg,Adults
Img3459.jpg,Toddler
Img5578.jpg,Adults
Img5052.jpg,Toddler
Img1794.jpg,Adults
Img6559.jpg,Adults
Img5086.jpg,Adults
Img1401.jpg,Adults
Img3550.jpg,Adults
Img5747.jpg,Toddler
Img1283.jpg,Adults
Img3603.jpg,Toddler
Img1806.jpg,Toddler
Img1153.jpg,Adults
Img1370.jpg,Adults
Img5335.jpg,Toddler
Img1038.jpg,Adults
Img6068.jpg,Toddler
Img4628.jpg,Adults
Img2294.jpg,Adults
Img5140.jpg,Teenagers
Img2192.jpg,Adults
Img1716.jpg,Adults
Img1444.jpg,Adults
Img4105.jpg,Toddler
Img1389.jpg,Teenagers
Img2090.jpg,Toddler
Img3128.jpg,Adults
Img1288.jpg,Adults
Img5656.jpg,Adults
Img6871.jpg,Adults
Img1248.jpg,Adults
Img1093.jpg,Adults
Img3051.jpg,Toddler
Img4982.jpg,Adults
Img1403.jpg,Adults
Img3657.jpg,Toddler
Img6051.jpg,Toddler
Img2151.jpg,Adults
Img1488.jpg,Adults
Img3429.jpg,Toddler
Img1338.jpg,Teenagers
Img3171.jpg,Adults
Img2447.jpg,Adults
Img1631.jpg,Adults
Img3942.jpg,Adults
Img1388.jpg,Adults
Img2018.jpg,Adults
Img1541.jpg,Toddler
Img1115.jpg,Adults
Img1797.jpg,Adults
Img2301.jpg,Adults
Img2426.jpg,Adults
Img2369.jpg,Toddler
Img1154.jpg,Teenagers
Img1331.jpg,Toddler
Img2196.jpg,Adults
Img1654.jpg,Toddler
Img1780.jpg,Adults
Img7681.jpg,Adults
Img2255.jpg,Adults
Img1020.jpg,Teenagers
Img2270.jpg,Adults
Img1156.jpg,Adults
Img2235.jpg,Adults
Img2227.jpg,Adults
Img3120.jpg,Toddler
Img2485.jpg,Adults
Img7678.jpg,Toddler
Img1304.jpg,Toddler
Img1157.jpg,Adults
Img1109.jpg,Adults
Img1728.jpg,Adults
Img1484.jpg,Toddler
Img3142.jpg,Adults
Img2586.jpg,Adults
Img3835.jpg,Toddler
Img3881.jpg,Adults
Img2145.jpg,Adults
Img1850.jpg,Toddler
Img6695.jpg,Adults
Img2220.jpg,Adults
Img1864.jpg,Adults
Img1928.jpg,Adults
Img2073.jpg,Toddler
Img2524.jpg,Adults
Img1704.jpg,Adults
Img2363.jpg,Adults
Img2267.jpg,Adults
Img7867.jpg,Toddler
Img1001.jpg,Adults
Img1337.jpg,Adults
Img2885.jpg,Teenagers
Img5667.jpg,Teenagers
Img1286.jpg,Teenagers
Img2465.jpg,Adults
Img3114.jpg,Toddler
Img4328.jpg,Teenagers
Img3211.jpg,Toddler
Img1136.jpg,Adults
Img1621.jpg,Toddler
Img5128.jpg,Toddler
Img2311.jpg,Toddler
Img3148.jpg,Teenagers
Img3081.jpg,Adults
Img3606.jpg,Toddler
Img2247.jpg,Adults
Img2940.jpg,Adults
Img2229.jpg,Toddler
Img2316.jpg,Adults
Img6122.jpg,Teenagers
Img2618.jpg,Toddler
Img1875.jpg,Adults
Img4218.jpg,Adults
Img3922.jpg,Teenagers
Img2351.jpg,Adults
Img2216.jpg,Toddler
Img1647.jpg,Adults
Img2228.jpg,Teenagers
Img7126.jpg,Teenagers
Img1989.jpg,Toddler
Img5705.jpg,Adults
Img1981.jpg,Adults
Img2125.jpg,Adults
Img1753.jpg,Adults
Img3660.jpg,Adults
Img2155.jpg,Adults
Img2055.jpg,Toddler
Img3741.jpg,Teenagers
Img1925.jpg,Adults
Img2154.jpg,Toddler
Img1787.jpg,Toddler
Img4163.jpg,Toddler
Img1740.jpg,Teenagers
Img1186.jpg,Teenagers
Img1415.jpg,Adults
Img5066.jpg,Adults
Img6153.jpg,Teenagers
Img1212.jpg,Teenagers
Img7560.jpg,Toddler
Img2445.jpg,Teenagers
Img5336.jpg,Adults
Img3026.jpg,Toddler
Img1562.jpg,Adults
Img3669.jpg,Toddler
Img4606.jpg,Adults
Img1090.jpg,Toddler
Img3034.jpg,Adults
Img3931.jpg,Teenagers
Img1823.jpg,Adults
Img1439.jpg,Adults
Img2134.jpg,Toddler
Img3096.jpg,Adults
Img2704.jpg,Adults
Img2286.jpg,Adults
Img4179.jpg,Adults
Img2190.jpg,Adults
Img1546.jpg,Adults
Img3823.jpg,Toddler
Img1064.jpg,Adults
Img6376.jpg,Toddler
Img7345.jpg,Toddler
Img2863.jpg,Teenagers
Img7195.jpg,Toddler
Img1310.jpg,Teenagers
Img2954.jpg,Toddler
Img3413.jpg,Teenagers
Img4339.jpg,Adults
Img6454.jpg,Toddler
Img3374.jpg,Toddler
Img3222.jpg,Adults
Img1393.jpg,Adults
Img2454.jpg,Teenagers
Img2046.jpg,Toddler
Img6896.jpg,Toddler
Img1569.jpg,Toddler
Img3024.jpg,Adults
Img7976.jpg,Adults
Img5768.jpg,Adults
Img1776.jpg,Teenagers
Img1298.jpg,Adults
Img1122.jpg,Adults
Img1844.jpg,Adults
Img2297.jpg,Teenagers
Img5182.jpg,Adults
Img6426.jpg,Adults
Img1025.jpg,Toddler
Img1847.jpg,Adults
Img1746.jpg,Toddler
Img1771.jpg,Adults
Img7683.jpg,Adults
Img6057.jpg,Toddler
Img3382.jpg,Toddler
Img3350.jpg,Toddler
Img1909.jpg,Adults
Img2967.jpg,Teenagers
Img1931.jpg,Adults
Img3907.jpg,Adults
Img1839.jpg,Adults
Img1628.jpg,Toddler
Img4549.jpg,Adults
Img2813.jpg,Adults
Img5576.jpg,Teenagers
Img1311.jpg,Adults
Img1922.jpg,Adults
Img1915.jpg,Toddler
Img2642.jpg,Toddler
Img6615.jpg,Teenagers
Img2082.jpg,Toddler
Img3740.jpg,Toddler
Img1182.jpg,Teenagers
Img5456.jpg,Adults
Img1573.jpg,Adults
Img3194.jpg,Adults
Img1270.jpg,Adults
Img1168.jpg,Adults
Img2924.jpg,Adults
Img6458.jpg,Adults
Img2406.jpg,Teenagers
Img5694.jpg,Adults
Img1466.jpg,Adults
Img3433.jpg,Adults
Img1971.jpg,Adults
Img2391.jpg,Adults
Img1950.jpg,Toddler
Img1819.jpg,Toddler
Img7862.jpg,Adults
Img2085.jpg,Teenagers
Img1601.jpg,Adults
Img7078.jpg,Toddler
Img2501.jpg,Adults
Img2439.jpg,Adults
Img1699.jpg,Adults
Img1175.jpg,Adults
Img3978.jpg,Adults
Img3629.jpg,Adults
Img2365.jpg,Adults
Img3687.jpg,Adults
Img3983.jpg,Toddler
Img1451.jpg,Adults
Img1448.jpg,Adults
Img3496.jpg,Adults
Img3074.jpg,Adults
Img1369.jpg,Adults
Img6271.jpg,Toddler
Img3917.jpg,Adults
Img1535.jpg,Adults
Img7243.jpg,Adults
Img2318.jpg,Toddler
Img6949.jpg,Toddler
Img3469.jpg,Adults
Img5245.jpg,Toddler
Img3353.jpg,Adults
Img1766.jpg,Adults
Img7417.jpg,Toddler
Img1612.jpg,Adults
Img1155.jpg,Adults
Img3976.jpg,Adults
Img1530.jpg,Adults
Img1077.jpg,Adults
Img2672.jpg,Toddler
Img4513.jpg,Adults
Img1851.jpg,Adults
Img3356.jpg,Toddler
Img5354.jpg,Adults
Img1955.jpg,Adults
Img1279.jpg,Toddler
Img1826.jpg,Adults
Img1305.jpg,Teenagers
Img1792.jpg,Teenagers
Img2017.jpg,Toddler
Img1417.jpg,Adults
Img2081.jpg,Toddler
Img1472.jpg,Adults
Img2602.jpg,Toddler
Img1114.jpg,Adults
Img4934.jpg,Adults
Img1733.jpg,Adults
Img2307.jpg,Teenagers
Img1208.jpg,Teenagers
Img1811.jpg,Toddler
Img2629.jpg,Toddler
Img1073.jpg,Adults
Img1017.jpg,Toddler
Img2420.jpg,Adults
Img5852.jpg,Adults
Img1071.jpg,Adults
Img1382.jpg,Teenagers
Img2502.jpg,Teenagers
Img1499.jpg,Teenagers
Img3731.jpg,Adults
Img3247.jpg,Toddler
Img1872.jpg,Toddler
Img1252.jpg,Adults
Img7434.jpg,Teenagers
Img7130.jpg,Toddler
Img3033.jpg,Adults
Img2478.jpg,Adults
Img1183.jpg,Adults
Img1360.jpg,Adults
Img2061.jpg,Adults
Img2685.jpg,Adults
Img1868.jpg,Toddler
Img7147.jpg,Toddler
Img2677.jpg,Adults
Img2455.jpg,Teenagers
Img4834.jpg,Toddler
Img2040.jpg,Toddler
Img1951.jpg,Adults
Img5148.jpg,Toddler
Img3968.jpg,Toddler
Img6290.jpg,Adults
