Product_id,Selling_Price
SCHE4YSTDVPVZVXW,2926.1409
ACCEGCATKHNRXUHW,1623.9696
NKCE6GJ5XVJDXNNZ,11540.0
NKCEB8BK3ZXDHDHM,9617.693
TOPEFDXSAHRNPF94,5499.295
ACCE558KZHEPZYMG,9286.934
ACCEAZCVAMFHDPY7,4892.964
NKCDYNY37JPBGBVM,2248.637
NKCEY8KWY33FCUYD,7303.0547
RNGE4YPTQYRECV9J,4221.384
NKCE88AHBHJZREXH,3814.6958
CLTEJ5ZZGBP4JGGE,7985.996
WATE3NWH5FZWAMDA,8271.511
CAGE53FSFZVFPFHQ,1560.6888
PCSEAKVBFFPGCHNZ,3424.0315
WATDFFH3KJYBTYGG,7578.786
NKCDWHFQSCHHYZMP,2615.4312
RNGEB2PG3Q5RKDW6,2966.4475
NKCE5UY9HHPZGGUZ,4344.593
KTAEHETW3ZCMFMJR,4245.713
BRAEBBYRVF9MHJHU,7645.285
NKCEAX7HAQ2RJA3Q,10025.935
CRTECN2RQZWBSP9W,4763.343
WATDEWZ9UHSEHGZG,9491.89
PTPEYW8HNV6G9YYR,2701.7903
ACCEAMGZRRYVAHDC,4939.209
SRTEHHXG8MUXTGPA,5775.6533
SKIE4S4NN4MHYM3Z,4585.285
HMBE7G34YHWPWKYN,6984.9883
LLIEGTMFJBD7ZZZM,13890.588
ACCEJGH6JVTM4CBH,844.6546
ACCDQDYBXJ9HZF37,9906.826
RNGE88FRGZCXNKUG,661.29395
NKCE7M3QNNPZDXHQ,10314.457
VLBEGFFDP9H6WG2T,3463.714
TOPEAFG4YEQSH5TT,2292.253
WATEYAP3K2QQQWDH,4837.156
PCSEBDFUFJWGARNX,10247.26
SWTEGXQFZY95SKG7,4522.124
BRAEGJFXSM9ZQ6SK,7189.5996
CAGE6FYKP34GA4GF,7657.1875
HMBEJCMH78VJF3M8,4163.4126
HIFEB7J3GSTVN5XJ,10744.632
PBXE6ZHNGZREWWHR,4315.3696
PCSEAKVBNXFGZBKB,6518.371
BRAEBBMQQNZ9RZWR,5618.2017
ACCEGKFCXHZZH44S,760.3766
SHODXQRRGKZ74U9M,4166.1943
DREE2Y6DVEKVVQQS,4302.0884
PBXE8ZHHG5Y525BT,6392.4688
CTTEH9FXZHGFKUA3,7783.259
ACCDXFZXGQTBTM6N,3342.3445
NKCE9PFF3TT4KSQJ,7704.71
BRAE6NZAZK77HXZK,1057.0477
NKCE4TV42BHDP63U,2918.4556
AIREDGGD9RJPZGYW,5223.864
PCSEDAPMHR2HNHWP,8419.098
PACE95FMAFXHZB5C,4245.713
WATDG4KP445AV5XC,13494.385
ACCE9EYRRNZYZUBG,474.35077
ACCE8XZMAHNC8JVS,628.86334
SHOED5DCSTQKZCGF,3626.063
NKCE64Z4NGBHNAY7,3068.8145
PBXE8WQTZ5GA2YYQ,2493.906
MUGEGZUMGYAPVSZH,4302.2715
PBXE4RB3Y3GXWPFV,659.3172
PCSE2ZFDJJGFNHC7,627.50726
CRTECN2QT5HKHZ8F,4568.882
MUGEACY8Q7ZYSTN8,1172.2225
ACCEGG9VGRMQGHRD,7396.0693
PCSE76X48PVSDDVK,891.53033
PBXE6677X2D6UFZZ,5542.825
WCKEGGGD2TXHHTJC,-82.37254
NKCE7MMGF4PPGNA6,2819.977
CRTECN2QYTPHK5YQ,4956.5156
OIDEJFCWMMR6JQBE,5483.7383
WATE5HFY4MJX6CHD,4837.156
DREE4FC4TAR8M5GN,1350.5518
HACEGPF9DZVUZBFY,7848.1074
PBXE4Q7YF5KUYJYW,11738.181
SHIED9YEH65NSA8N,10172.49
WATDHMQJ68MVBRFV,13469.284
HMBEGWTFEV4TF2RH,2801.9592
SHIE2FH7YTVDHFGT,2878.1304
CRTECN2QYRY2KWZF,4222.0747
TSHEDJXPN4HNT2UP,5972.6714
SHOECZH5WGBZHZES,2578.0496
NKCEDCT9MSAYG6H5,5223.864
SOCEGGVYBTZPKXVP,4551.114
PBXECARAQBCDSAZW,3089.087
CAGDU85YDHP9ZJH7,1952.7399
TCVEHSMFEGNCAGYN,4813.742
RNGEDAPFZ2GKRUER,839.1706
CAGDY9Q7HSNDHGFC,3664.3596
NKCECKHYZVHBQU9F,499.82004
NKCDQSVCRH8W73GF,6518.371
WATD9H76RKGUUZHY,13890.588
NKCE5HYVDQVATMKF,1857.8507
RNGE9GWMKVHGEYZG,4245.713
SHOEAGUMMWFABHUT,3084.9927
SWDEGZMPYQGNEBHG,4773.038
TOPEFDXSHZPHCUAU,9290.44
CAGDU85Y85GDJGUD,904.7099
CAGE4BQXK3FSTRRS,3026.3098
CAGDZVGTV3SMMMBY,4956.5156
BEOEGXRVQPCKJHYC,3133.0132
NKCE9YFBBYBM88DR,2851.5122
DREECZGZVWGQM23M,4148.532
PBXECYF3YHWYG4UN,329.30432
WATEBG8FGBPUPKCV,4173.916
SHIEEJG9RRDUH9XG,3136.1992
CRTECN2QXAPEWXSF,2676.1052
BRAEE6YMSYPNCUX3,1309.6807
WATE9MVXJXHZHEJU,3133.0132
RNGDREYRQQGZAPQM,5715.399
CTPEGGFSNDQFAAVE,3203.2239
NKCEF2RFAPHSHZZZ,3723.476
TOPDYAZZG5NU7ZBZ,6884.2393
PBXE7QPWMSS5XGPZ,254.38745
PCSECV3FHFAQ9T36,11831.599
CRNEJB4NBT9BTM84,4968.7856
TSHEHU5RFJCTJKBV,6725.213
DREECZJC3XBKGDZT,5319.857
SUDEGGATGYXA9YBC,12687.668
BRAE8WYHTVZMFFHS,6115.5205
SFFEGZBXTYFSYJQA,3928.1125
ACCEABVYXNHCT8UE,5438.4897
BWLE6SJE9PXGV6DD,928.05646
NKCDYQ3RHYREHHYV,3552.4006
NKCECDCRWDMZEH2Z,2802.4001
SRTEH2F6HUZMQ6SJ,6942.044
BRAE6KWFGZFXKPPB,3421.4443
HACEJQY5FQRZZUGM,8419.098
CAGEYUXVF2FNARKD,2918.4556
NKCE7M3QTHTCGVVF,3954.9714
TOPE8PBFNH9YNHFK,4173.916
BRAEDQFRZS9QFYTQ,1384.7465
HMBEJCMMQR2JHFVP,2089.8525
ACCDRFVG52PHVRSK,7602.378
NKCE7MBR4QRBASDQ,2801.9592
NKCDWBPZNZU5K2QZ,3136.1992
BRAE8HMQATXFHFGZ,3246.4888
MUGEAGGKEGCPWWPN,3133.0132
BKPEGXYWWJPETZZA,4956.5156
SGLEGBV6ZNUJNJS9,5953.623
CAGEYUXVAKNKDUUV,6324.8086
NKCEDH9ANZGDAUWG,2625.0784
NKCE5EHJHS38BUWB,3463.714
PBXE9YWGRFUQXHQH,12571.813
SHIE3QDHP5RDGMZY,2216.1116
RNGE9HDVMPVBYPGJ,2818.268
SCHE4YSTCUUSJWCK,1786.133
SNDEGGTV9XERMGHH,7254.168
PBXE92XFUMB7QWY6,8312.299
CRTECN2QYK2R2PUS,4197.6924
TOPEEEPVYHHF9HGW,2924.8726
MUGE8F5RDEYMH4YH,3594.9053
NKCE52CSJ2GUY64G,1277.7987
SHOE2K68QHZ3DWZF,3683.7617
DREE9YJHZZHWHAU7,3853.3398
NKCEACYSHS4MGKGY,12993.117
CAGECT64KH6CZVMR,13890.588
WATD9H76RG5FQT5Y,14361.019
NKCE5UY97ACC9QAZ,503.53494
LJGEG6UPBW8GKPRD,4287.963
PBXEBFGFRM5797BZ,4476.162
RNGEAY8GRWYMYSAK,4873.9966
SHOEF9G8WTWGAAFB,3133.0132
PBXE5ZJZSAC73ZED,8378.387
NKCEYYX9HJWJXAA8,3150.0505
CAGDTFSHTF6TRBFZ,4365.772
PBXE6E6YDZDNVKQH,1660.55
TROEGNQDQNGN99PJ,4302.0884
CRTECN2QXC68CTUM,6137.7803
CRTECN2QZNXTGGXG,5223.864
VANE4VND2XHZRCNT,933.57184
NKCE8SESMHF2VSRM,3552.4006
SHOEBYY4ZDWGQGEW,7747.567
NKCEB7935AJSADGR,3641.257
SHIEBAXYS3FUTX8Z,6315.9844
NKCE2YCPKAPWDH8C,2462.7195
FABE92NVHZHSFHGT,3150.0505
SHIE93YGTRAV6XTW,5483.7383
CSOEGTPR39XZHZJY,4671.6406
WATE5HFYHPFHRCHY,4786.616
BRAEBHCHY6VVRNRQ,1599.291
NKCE5QPMUZRQFDAZ,1657.5071
NKCE9ABEE5HDWZSM,5794.394
SHOEJCZ28JFRY9RR,5421.333
PSLEAVTQQXEXZYYZ,4568.882
SHOE66V8UMNGZKYM,891.53033
SHIE5HBGWKWJWFRA,3238.737
TOPE4HXDZHPR9K2C,1385.2087
BRAEBCTWGWYRWXHC,5304.0264
TOPE6ZCJBVZY3HBH,4424.714
CRNEG7BKMFFYHQ8Z,4522.124
SHOE7DJBEPYGQPHF,3587.4548
ACCEHY86UG6B63AZ,4404.8467
BLBEJR23J2CTPFAU,6026.142
ACCEEV5V5VD5DR9C,805.86865
UMBEJZFHE285UEV2,5930.025
SHOEBN3FFYG75P3D,2789.6436
NKCEFGFURYNWH2DR,4116.801
ETHEJG7NW4M4AFCZ,6821.633
SWSE9UH4KXCHZHRJ,3102.5327
CRTECN2QZ7XUGBR6,4166.1943
BRAEDNX2NHZX5PKN,9508.494
BRAE73KFJGNSP2NP,1644.8645
MAHEDFPZVKF79JVQ,3762.8147
NKCECRQY6MGHBPQ3,8604.136
CRTECN2QYYWUXHRP,2875.951
CPCEKY4TKBYFE7PH,5483.7383
TOPEA8HNSZB8VGUR,2292.253
TOPECJZ4ZDXQZB4A,5284.118
SHIE92XGJHG4HH5E,6076.085
CRTECN2QVSZXUG7X,4621.7217
BRAEBBYRUSRHZD34,7403.3584
IFPEE76BG92E5SVS,5715.399
CAGEBZ7UGCZZHVTE,172.3507
CAGE3GFTPMNXPZAG,760.3766
SWTEDX3KRCTNHUGY,5672.8096
BBAEFKXVXVM8SYZW,7254.168
PENEGZ6RHFWHX7JX,1433.729
ETHEGFZFQT7ZCH3U,2875.951
TOPEE2FFAXQGSUZH,4956.5156
CRTECN2QWAGCHYGC,3552.4006
SNDEJGWQSWNHXXA3,11568.955
BHGEGTAVKNNCPUGG,12905.599
BBAEGNUNHHZEYSPD,515.1477
NKCEANMPZYMHYEA3,373.40158
RNGE88Q9FH632SHU,1113.6705
SNDE7PY9TG8P7YYR,784.32904
SNDEHZQ7YZAHAZYP,4522.124
CRTECN2RDAKXQHYH,3114.9963
SNDEAVZ4MSGYFBUD,1519.2325
RTRDWBPC23ZAYMSE,10627.525
PCSDYQEW5ZMFBVFQ,11257.755
DREECZJBH8KGCZHT,8312.299
CAGED654SQMMADH7,1894.7363
MFLEYGFH8PFBVRDG,4783.4175
SHIEBWNUURZ8BWDZ,3998.1145
BRAECTFYXKNAVFAN,5665.6343
BRAECBVGHCB2FN49,4554.3633
SHOEHX7CGSEMUENU,2248.637
CRTEB774NHSDW3DV,1811.741
VLBEGZ7SZFZBUGBZ,5741.0107
BRAEGJFXGYFPGHYG,4554.3633
ACCEGKG4S4B7QGGT,1898.4994
BBAECKHYXGE3VJXB,1529.0804
BBAEDVYSEN75YZZ7,6461.75
RTRDYZCGGJFBU6XM,2939.0623
CAGEBTJBB5X8GCF8,842.6246
HLUEJQ3UVGNXSPZG,7373.1597
NKCE8RB5WSWKJPFR,3667.368
BRAEDFYYKNGBGPF3,6526.8613
SHIE2CAJP6XBWPU2,3594.9053
SHOE2GUJW6XNFG3W,617.03625
TWCEJFXHGDSG5XZV,6325.0938
NKCE9Z2JYUYZ2JZ3,10781.59
WATE54YZWYXR6Z7J,2374.6116
SWTEEYFFFRWGKZR5,5373.174
NKCE6NHRGQJHWFDK,4754.1597
NKCEYM3B6ZP3YSQQ,3463.714
PAEE8AHWJWMDAXZU,7747.567
RTRDZK8XCUEKZDFZ,582.89874
TOPEHZMHJHEMRDHY,2727.7715
NKCE9AZMPE3PJPEW,640.82385
BRAEAR7WUYD3CZAT,2680.8796
BRAEG7AYZAQBS3EH,6174.716
BRAEDQEEYYH4WRQK,4586.9517
BRAE4F8NCQJFTGEZ,5044.2354
MUGEACY87HUCUYCD,3377.2915
BOTEDSEN9ZSFUUAQ,760.3766
WATE3GEYE8JQT7WM,5794.394
TOPEB96CYHMPMDKH,2188.729
NKCE5QGT7GFDSUZK,1754.6277
VESEGZRVWZEYTVMG,6884.2393
SCHE4YSTHJSYEJHJ,2696.7253
KLSEGT5ZUGR9FQXE,6137.7803
NKCE79CGHYMSS7GH,2999.6917
JEAE8CZGJ8PGGHRQ,759.3838
SHOEC8QGWFF2VXAN,2487.923
SHIE6G75RNDQSGUQ,1599.291
SHODZ5YHTEHZTR3V,4197.6924
ACCEKFVVZJMTYWPK,3765.7588
DRPEHGFFGQTXK3E3,2696.7253
CRGE4XJBHZGHJYGU,6942.044
NKCE9Q93F3HJYGZT,309.13297
SNDEGJFV5J8CTGJV,7932.0776
SUDEHYGUMT6UGYAR,2993.6704
RNGE7M92HQECSUYG,6334.664
TOPE7ZHYDE2MKNHF,3814.6958
NKCEBHGBEABMWDKA,4956.5156
PACE7ZNHBP4FASAQ,2292.253
NKCE7A3XXTTBHHC6,3587.4548
WCKE2TFYTHBHTP5B,4956.5156
BRAEDTPDZSCRZCYG,5500.21
SHOEBKEYSKS87GKG,3279.7026
CAGDUGFYGG2KWWK7,10649.006
SHODZDAE6FKCC8AH,592.16266
SGLEGBV5STVHGKTD,5483.7383
RTREBVK9HX8XJH2T,306.19052
PCSEAKVBGC7CJQZT,10403.846
MATEB88T7MVJGSG5,5304.0264
WATDJYPXKHPPNGQK,7646.4863
BRAE8QNFFGWGG5MY,1766.3097
NKCDWBPZZSYWKHE9,1642.2614
USGEJPQHT8YPZ7D8,3026.3098
NKCEFKBYHXQ8VVF8,475.30603
SHOE4JCEZDRSHC4S,3000.7656
ACCE9E2RT56M3GSU,4404.8467
CRTECN2QXQGJ7JZD,3400.9363
TOPEBS26V3JRYSF3,760.3766
NKCECZNMRRVZ9YWF,308.88345
CAGE75QCGVXYV78T,2695.9285
WATDG9F74GYWEH4U,1852.213
BRAE3WVQPYSZ54FF,6754.834
SWSEBHCP9JC4GQKT,4302.0884
MUGEBJ7XAFVH25VD,1930.3114
LJGEATZRDCFAJGYZ,5715.399
BRAEBXRB8GFZ6HM6,4404.8467
RNGEDAPFZWSSMHYW,1099.8646
DREEHFABXP5AUZA8,5023.3936
RTRDFFYGJ4GNRSHQ,9590.567
CBREFYM9TSSUHJSQ,2462.7195
PBXE6EF4PSJX9WXH,3734.5703
CRTEHSS9UZJZYMZD,443.17056
DRPEHYHG9YYHD2HH,4344.593
CAGE9AGR4VWWTDY4,7656.461
AVCEJCJQWBYMNPGU,2021.5458
BRAE7T3WADAJU4ZS,1719.9303
TPYEGGUFSKXJFYY5,6797.217
SUDEHYGU4GE9UCXJ,5343.2783
FABEB2TXH4MGQC2H,4621.7217
NKCE9G2BZAGKXPGY,4302.0884
TOPE8H5DJWGAY2CD,9324.354
BBAEGGF3HF3ZPBVG,1529.0804
ACCEC87TREZYJJPE,6428.661
DRPEHYHMEZHDYRK5,3293.3452
NKCE5VAAPVP5DGMZ,509.50784
NKCEBZN92EJ7PDFH,2995.2534
ACCDXFPYT58AGGAF,6922.382
MUGEGZUHX744RFEN,5403.5757
RNGE8Z3KSHGCMSCP,2819.977
SHIEYZ3F3QWMYNEC,2801.9592
SHOEJCZ2JNGJSPEJ,8578.197
CRTEB774RSGGQZ9U,3068.8145
BRAE8AJZW5QBNWAZ,1918.6294
CRTECN2QZ8CWZEFZ,5715.399
SHIE9FMZAH4U4H6Z,419.28806
CAGE68FFYRMDRF3X,8891.392
NKCE3GNVPGUYY8AZ,3284.3787
PCSE4ZQ8TRUZDMEU,1068.6605
PACEC89YGNYZCMC4,2093.7185
NKCE9YX24KHRDNHG,2612.8284
FABE88MGUBPCQWR8,2222.0422
ACCEH74HAGTY6W8P,854.0434
NKCECGVARVRMARSS,6239.886
CRTECN2QZXFVEPGG,3883.4153
NKCEC8AZQUFGUXGH,1968.71
SHOED6C5ZGCBKTP2,2462.4695
RTRD7HN3BBE7G9YT,3283.458
ACCEA8JPDNTF7NZN,1606.9519
NKCEBHGBAFBCXXYC,891.53033
PCSEC86VGEWVKHWZ,13890.588
SHOE3URGYEVZ55GD,2612.8284
NKCE9PFFQHU7GTU7,9576.832
CRTECN2RCH9CG4SA,6005.271
TSHEHU5RWUGEAJFE,5251.3555
PBXE92G5YEA7JAHZ,5027.2935
ACCE8XUCYRB9ATHZ,4240.1973
CRTECN2QWEDYMDNQ,1562.6931
PTPEYCF7GZU2T54E,2160.0632
SHOEC9FZ3BAF7ASF,3805.3193
CAGE7DSFQGVEGHC8,5865.208
SHODUMFYWTPDYNX6,5016.77
ACCE6P3BBZD72UJ6,752.5486
NKCEFG3CHGEHMRTD,2875.951
RNGEDAKBYYVCFWZP,7373.1597
TROEGZ65YHBQKG9T,5535.456
BRAEDSKCXVNYXGA6,1466.2745
NKCE9ZVGMHZVTF2D,4404.8467
WATDUKHHH4SQXDAK,4974.4536
CAGE745BJ67RZCRR,2570.1807
PCSEAKVBNSFWGBGE,1200.8755
TSHEHV9TPRUBUENE,4163.4126
SHOEY8RMVZV3UY3A,3641.257
TOPEGWUTW6GWYSBE,2222.0422
ACCDQDYBYVQZNHCH,8604.136
MUGEBFGF6MDQGHBG,3883.4153
CAGE6HHHUHFQSAPW,452.8857
RNGE7GVYAP66GRDD,4040.6191
PBXE5SUCYEBBSFXJ,10314.457
BRAEBBMQZBZHCFAJ,4245.713
BRAEAC839PBQV9KF,1289.8573
BRAEAW9HT2EUZD3X,1964.9469
SHIE2QTSMSXF9QAH,3463.714
RTRD6FYYWFHEYJYE,5223.864
CAGEFPY9ZSFFNVAW,9656.656
ACCEGKTSGJEEVTZ4,819.1863
AIREDJCGZN2HKZHJ,3026.3098
BRAEA5MZ8VZHNGGH,7373.1597
CRTECN2QX53WHTKZ,2578.0496
JWSEBCY4HDWGJZBT,1618.5367
BRAEB2ZTVYY3UKWA,1625.0411
WATDZMBRPYAYTP4G,7461.415
TOPE7WAUFEYYDXKG,10148.417
TSHE4DTF53HPYMU4,3805.3193
BLAEE3YXZGWWT8UD,6076.085
RNGE7M925YCWZZRR,6428.661
BKPEGXWHXG4GZWET,1076.8711
RTRE8GJUFNETVUMZ,4883.0146
SWTECXPHFVTHWJF7,10717.5205
SHIECKYBNNY2BNZD,4163.951
WATE7GP3JZMFEGZG,11098.937
CAGE68FFHZRTSZS5,3954.9714
ACCEGYP2TMX2NUPH,5423.178
NKCE9YFBBNJ82UVB,3787.9465
HMBDRUCNJSJQRRGC,6485.9546
CAGE3GFTQ3UHZ4TC,854.0434
NKCDTAXF2EYZ7MP8,2620.8052
LJGEYSUNTPQZG4ZG,784.32904
TOPEGF4KEGGVMSXX,5223.864
TSHECQKNFFER2ERM,3641.257
PBXE9YWGTS7NGYKT,1877.6741
WATDZ5HGXEYDHBWD,13173.717
PRCDVFAFM2FPJBMZ,1490.4783
PTPE2F33QGYXMHGW,3959.7275
KRTEJCZ4M7FD3NJS,2540.3655
NKCEAPCYFBP4UJ3V,2839.3408
CAGEBTJBRFGAUQQB,4956.5156
MUGEAGGKZFYBUMP9,2165.7244
ACCEAZCVGGGWZGKU,761.082
CRTECN2QVV7UJQNH,4824.937
NKCDXEGWS7VWXSEJ,2651.6003
NKCDY44FMPNQHFFN,1361.7533
NKCE8JXS2AAKUGGD,3435.9905
RNGE88FRWWZECGGM,6984.9883
BRAE7GU9K3E2PWGC,330.65054
VASEHU9W3N9RDPGZ,7415.2783
PCSEC86VSX45XVZS,12472.401
NKCE49ATF8BFHDVP,1472.9833
KTAEHETVCXXZRXGK,10626.317
KTAEHE9HAED4VUQB,5083.092
PACE472CMNPGQY2W,2417.7124
NKCEAPCYFTHYVARD,502.97153
SHODPH4GZWVXE5RB,944.8494
BRAEB3KBY393GUHA,10302.808
BRAEB2S8RZZRXMT3,2222.0422
PCSEAH5WWRYGEVGZ,7726.376
NKCEAVZ3C9CRDB6Z,298.8138
RTRDZTF9URF2UFPF,8891.392
CAGE6HYJDNZJVADS,4419.3657
SWSEBHCPZGHMBKJY,3377.2915
ACCDQGVSDZ92ZWGW,2683.039
NKCE4CSZUZWHUTFS,413.5484
ACCEGKFHRFGN6XZB,873.24054
BRAECGQ4GW73HJFV,784.32904
CRTECN2QXZ9ETCGB,3765.7588
MUGE6A5HZUJ924WH,2388.9187
BRAEE6YMK83RB9MZ,864.1519
TMLED6G5MJQGNZHS,4404.8467
NKCEFGFUZURHNH6R,2802.4001
NKCE7ZPRQX9SBZXN,2222.0422
VANE3KUFUXF2CVHU,4956.5156
NKCED6EYN4ZPK9AA,7840.692
RNGEDF5HDGKZGA3T,1192.5881
ACCEAZCVVFPBJAGB,1122.697
PBXEDCSE8CHTATYY,4302.0884
TOPEFYB6HRPPCD8R,6725.213
RTRDTSBQW94HJ8VT,167.1476
NKCEYGTGJ65HSJ9Y,2316.3652
NKCEFFFPGEJSTBJP,481.84235
NKCDYASFYGXZESTM,3060.028
NKCE6SR4H3EHXWNA,3238.737
AUDCY8T7KPEG3ZZF,5865.208
NKCDWBPZCHZEYT7S,3102.5327
NKCDYARBFFBQYKFH,3238.737
TOPEBZYTWUYMJXSG,4773.038
DRPEG3ZH7GJFFZDM,6251.985
SNDE6KNAQN3GFRQG,7303.0547
WFCEHYZMGJQWVVZU,5635.1367
ACCEGZ6BRBTGQWZY,4015.5095
CRTECN2QXH4N9WZS,2412.332
PTPDZYCEDURXTYRF,2089.8525
ARPEEMC95HMYAJNH,5438.4897
SFFEGKYYDWTZTEQC,4240.1973
PCSEC86VCFQYV6QG,6370.8564
BCHEHYMBZQ8ABUUY,1405.0321
RNGE87FCQJ9GRKWZ,4671.6406
NKCE5ZHWX6Z8PBFH,2001.7224
BRFEJYHNGYSX9T9D,2883.1472
TOPE7ZHYQFFHPCBX,4419.3657
CAGED6YFBH8NZQM8,681.61536
STREDF58JH3GQZF9,2517.6672
BRAEA5MZDQKHUQCT,2951.0684
MUGEBFGF6ZUHKH4C,1623.3121
CRTECYY4GFDJFKBD,4523.4546
WATDZRZGZAM7HDGV,6822.574
CRTEHSSCVTZ3DB72,1019.1075
NKCDXZGUZKNYVXG9,10582.943
TOPEBN6MZNGGZEMY,11376.356
MUGEACY8VQRMM4FX,2292.253
NKCE5UY9HQTQ8TBG,7711.375
SCHE4ZYTVE8DY5PP,3133.0132
RNGE9GWPJH9MMNWX,5553.385
CAGE8FG3CYVFG2GM,2388.9187
SHIEHXZMQPC4GT6F,875.4295
ACBEHDU9Z9DGZP9Z,5304.0264
BRAE6KWFPZWJ2FHH,1625.0411
TSHE8CAWEGE3CUPM,3203.2239
SHIE9J6PFGP9DZAH,4046.135
CAGEYFZWNCKDDXXQ,1226.3733
JCKEEABZDWF9VU7N,6884.2393
SOPEJ7SCRS3SKFGP,4124.9927
WATE9MVXHMTCFZSP,694.4234
CRTECN2QXMXFUYRD,1107.2627
RNGE96Y49HCWGUGH,863.9039
BRAE9RDQYNWZBYJF,1852.623
RTRECFHX3TDFD9SP,7981.4424
BRAE59YTMB36ZVFG,7932.0776
ACCEGZ6B9MYUTYST,6222.038
SHIEF8DUHZJP8MVC,760.3766
LJGEG52SCZ5WZBKZ,4429.621
SHTECN9HDECRYPF8,6786.6357
CSKEH3JPF4EJVBSF,6672.206
BRAEBBYRYT9WDJRQ,891.53033
SFFEGGJYFJWAV4HV,3377.2915
CBKEHGUY3GEHDSFY,5350.8535
NKCE73V3DADAVHDU,3917.223
TOPEGF6QDCGCHHXY,890.15814
RNGE3YSWFWYYHNCA,5917.4307
NKCE8HSQJQBPRSGY,6173.6875
CAGDU9C3QVCBMQKQ,3157.501
BRAEDQDFMNC6MQZW,1140.9077
SHOECB92BGNGSZGZ,692.50073
DREEAVBXKQUUVJUT,4331.131
WCKE2TFYZGPGDGGV,3905.4746
CAGE9AGRUGPHV5FM,6884.2393
BRAEBB6TT8GKVG8A,1918.3228
CRTECN2QUCSMF4SX,2462.7195
BCHEHYUKDZZPZBH2,2015.8275
BRAE8JUHJB794RZY,7310.553
BRAE4DJMZCWYGDJU,4664.226
GLSEJGVBRQMYV7NE,6672.206
NKCE9Q93HRESPRBU,5854.6484
NKCECATQF8ZXGXJS,555.3765
ETHEJG7NHGRFGHHK,9917.529
NKCEASCZBAEB2Y63,2313.8755
ACCDSY8ERUYRYSUA,1256.3717
BRAEDH76V3J4FBWQ,6370.8564
HACEGPF9FJFJQU2R,760.3766
ACCEGBTPV5PPBHVD,6085.382
PCSEAH5WCDGS8YCZ,2248.637
RTRDRUZCPNJ3MTAT,523.93225
PBXE68H4WBX5AFCH,3026.3098
RNGEHFDYHVSR3SMH,2696.7253
DREEDR97ZHGNPWFR,5173.749
NKCE9ZGXGSETFAZU,2628.3525
SWDEGU4MDSDGGJHN,1289.8573
PCSE3X2TJCZGDYYZ,15085.789
MUGEACY86QBJGTZA,3805.3193
CRTECN2QXC7HYKPG,7696.863
NKCDTAXFXWPKGZAN,584.5519
USGE9ZHVSVH9FVHP,891.53033
TROEHQYAHGHUEXXZ,6066.681
NKCED8SK6UNMAZST,6601.742
TUNE8XCD5NGNPDYJ,1166.1794
KRTE7X8NADSVDEET,7555.1006
FABE789N7XA5E9GY,3552.4006
IRNEGYYU2ZVJQQ5T,4316.3213
ACCEH5Z2YUKYQBFP,4302.0884
FABEADKAG5XYGZHK,2684.5437
BRAEDSGAUHAZHBY5,5993.6377
CSKEH3JPCEGTMZFP,3696.2737
SUDEGVG6YTPMYPU4,1644.8645
NKCE48ZU6EAYFSCM,2160.0632
SNDEDFE6QPNQRAXF,8770.125
SFFEGP24CR5VDNZC,7299.075
TOPEGGE5GRFUTGGB,8797.69
EMLEGMZRZGDARGR8,3954.9714
CRTECN2QVPG3DY7K,2343.5261
MUGE8VY8HZAM3ZRK,2221.1873
SNDEGAJFFK2KKKRF,4245.713
BRAEDASWQDSYNUV3,7602.378
PCSDY5AHM2SEJM4K,5309.696
NKCECG6ZNH9NXFFH,3761.3164
WATECE855W5YFE3H,2880.3743
SHODWMHHCXTD47NQ,5304.0264
CRTECN2QYCZPHYHH,2487.923
GOGEHZ5P6TWYBFXB,2264.0134
TCVEHSMY2TNTCKNC,8145.6523
SFFEH2FGABYNF47W,4950.9497
MUGEAGGKZFD7ME7F,1622.438
TOPE7QTUGVGEFKH6,3114.9963
TSHE4S26ZSFE9JTB,2948.2178
MUGEGZUJBNU4Y2CH,549.7162
WATDUNJ7PGYUWDGQ,7981.4424
NKCEAJKYW5CDKBEV,9343.446
PACDZUDMCHKDHGXA,2915.3914
BRAE8TFHGXKFFMAQ,1490.4783
NKCE87C3JAXKXZRJ,2880.3743
NKCECQYZ24MSM3ZZ,3463.714
SNDECZJR6APCXEZ4,11462.991
TOPED9T3FXS8CP8M,5438.4897
ECIEF7MGVGZAZMGG,4457.0654
SHIE7DFNYZC6YWTT,555.4724
SUDEJFBRVYEUZUDH,2844.9048
MNKEYGQMJHGZ4ZRX,1622.438
BRAE8MVUMSMBMNJS,3150.0505
NKCEBBYSAJKEEQ8K,2802.4001
SNDE9WZJJ8YXWU5Q,8492.222
CRTECN2QSXEHJHR5,4046.135
BRAE9TBZWWACJHJ8,2517.6672
SHIE9FMP3RBSYMEV,6822.574
DREE4DF4DQYMGDJV,5284.118
NKCECZKQGZXVZ2RY,10153.676
DRPEHYHKYSXETBBJ,3463.714
LJGE9UG8WCYXPCHA,4419.3657
GLSEHFUGQRHPBV8D,712.101
TOPE954FERN5VZYH,4550.1216
TOPE7JZU5WZZVYDT,8228.178
JWSECGFU8YKHTSMU,3696.2737
RTREF3PRF3M9FMEF,3114.9963
PTPEAT32HSGZFHVY,2918.14
TSHEHU5RQSZZHSKF,5633.548
NKCE2RPCN6RCTGDG,5865.208
ACCE45UGGC7GVAVG,6315.9844
WATEBFPXFYMWJGJZ,8511.171
DRPEFZDBMRGECGZG,5045.7666
TOPE2HZRFKVVTCKU,4295.979
CRTECN2QYKFNFXCZ,2089.8525
PCSEC86VEVSKD5ZY,1560.6888
SGLE8YSWHJAGP3WJ,10268.248
RNGE88Q9HE9RQYEM,9801.366
CRTEA7HAFUMPQNHJ,4460.629
TUNEB42QBZHYP57B,2247.0813
MTYEGUA2VUJ9UDGX,10251.93
PAEE8NDKHJ7ERAPT,6641.953
SCFEHDJKTM826ZRA,4302.0884
RTRDFFYGKJAXPUUG,516.6748
BRAEDQDFGYCZUFEJ,1490.4783
WATDK2G2WM5XHF9S,6470.651
BRAE3P8YWVZGNYZH,5223.864
BRAEBKJSNVGDG4DP,2620.8052
MUGE7DUFGUZDQMTQ,1849.5168
BRAE7Y46JXZJHN47,7147.655
CRTECN2QVB7UDF2P,2242.15
CAGE76FNT9D99PZK,2654.2207
MUGEAGGKHFAM4YZG,513.5233
DREECRS4EHXNA9UH,4103.399
NKCDU4RZC2AFABJV,2801.9592
SNDECYHFHV7XHZNN,7932.0776
DRPEHYHGSSEPB6HW,4723.163
MUGEGZUHVZ4Y85DV,3424.0315
BRAEBBMQYHRSZ5JC,2261.9731
NKCEAPCXCP8GZG5Y,2261.9731
RNGDWKZN9DSHFHYY,3108.4756
PACEB7GGJXVVDZFZ,1657.5071
BRAEDQDFSDVTSSWK,2098.278
NKCDWBPZAJH88YAZ,2926.1409
NKCEB774SNZGVYW3,586.4065
RNGE88FRA9DMA4UZ,3594.9053
BDSEJJ6USEQZS3QA,1289.8573
MUGE9HRRKMGKHMRT,1730.5134
NKCEAX7HH7BFTFHF,3737.5786
NKCDUYA5PQWDKMBZ,2388.9187
WATEFWP4V5ZEHZZY,3068.8145
BRAE8QNFXPTNHXKB,6884.2393
NKCDWBPZGZJNYCCS,3765.7588
BRAEDZ7TZNFQTXZA,1849.5168
CSPEGNS9GZVAGRY7,4708.735
NKCE6XU6DA4HYYGN,3777.6826
CRTECN2QYMHJKQ3G,224.23412
LJGEATZSESZPRQX3,3203.2239
CAGEBTGHSVHHWPG6,7828.6567
SOCEJZT8FMXJ8VHZ,4783.4175
FLUEGKG2K93HY9TC,3594.9053
SUDEHYGVDNRHYPTW,5483.7383
NKCECZKQCFGWJ36A,2222.0422
TOPEHZNQGZJYYJHE,727.2803
NKCECGVBWQWGZUVG,1529.0804
BRAEDUXKVAPEV9G6,7185.172
RTRDYYTZSUUNFFUT,541.47437
BRAE3WVQZZUJA4JW,4705.7915
PELEGHQP8GMXYF6V,3068.8145
NKCE9YFCEG5FXMAH,3664.0298
TOPDZGV8GUEXZNUT,4787.563
WATDZ5HGRGZG4AFT,8764.353
MUGEACY8DDWFGRUA,2160.0632
RTRE7FT9VKRGNTRR,8273.28
RNGE7M9279JQH6M2,5646.949
RNGE86J7VJNYBSHZ,3068.8145
TOPEHZSMJYWRYH8F,571.7908
BLAEE3YX3WETHSZD,6047.9175
ACCEAZCVEKWMNSEY,1309.6807
SHIEB7A6NCNJNZJD,3814.6958
WATE2FAHHP3FEYG6,9220.958
TOPE9PSGHRKUCXKM,5953.623
MUGEAGGKKDAXEA36,3157.501
TOPDX9TF4PYJMX7B,3026.3098
SHIE9J6PVG9ZE9M5,3676.1414
TOPDZFGCFH8AMJ4B,4577.9062
RNGEA9ZXDDFHAVMZ,647.4221
PLLEHQV78ZFHTE7X,2696.7253
BRAEDTGQMXYVF7NB,1011.782
CRTECN2QVSZP8JDW,421.04102
KRTE5PEEG7YAGENZ,11446.162
NKCECGVBKYNJGZZQ,4197.6924
RNGEDAK2KK6VXQQ5,7183.5625
RTREF3PGZGTGBHT7,5957.4453
MUGEYYXFNGQ6A3FP,3779.672
SLOEBHYNHETSRBXN,5618.2017
ARPEGDHSXZJSHGSN,3026.3098
NKCECPHGBUZPN2KU,5633.548
VSBEGBH9QBHT2MQF,1010.45935
BRAEB2ZTXQQTYTEP,2021.8524
PANEENEMG9NPM2QQ,740.46173
SNDEHZQ7MMN272VX,3998.1145
NKCED2ZGYAP3UKJY,6077.989
PCSEC86VKYNCPSDK,1625.0411
PBXEBYHYS3UXVBE5,2623.805
NKCE8ZJ2PXWJQZZX,2928.3945
AIREGHYGSZKZYZBB,4040.6191
HMBEE965MNXMUSFY,6460.5664
HAREGG26JVZYCC8B,1754.6277
JEAE2KFRBNFZFWE6,3068.8145
DIAEJUCFFWRXYACA,5180.984
PCSE76X4U7MFDPUZ,10497.091
MUGEGZUHAVWFHSER,4754.1597
TCVEHSMFHCPGH9QJ,677.92676
NKCEFNPJ5M9JZJR7,2024.7272
PTGEGUP5KM48MRRW,539.6617
KRTECAVZHVTGR2YV,6615.9746
JWSE9KZTWGWKVYYH,6526.8613
PCSE95HXQE744G8Z,4909.826
DREEGZ4CUZH5CATV,4302.0884
BRAEDQF7KGNJ2EEW,7770.905
PTPE4P39G9SVGHRZ,509.50784
NKCE4PZ6HYWFZUAN,390.26065
SNDEDFYPJFHXG98W,2727.7715
TSHEHU5RWCQXRWF9,3269.1064
CRTECN2QYVBX5Y4W,1076.8711
NKCE8HVPEPWAU2HF,2620.5542
PTGEGUZVM4X9XZWG,10139.354
BRAEDH76Q44DNY23,7981.4424
INKEF7WMPUEH9G4V,3680.9714
CRTECN2QS5JJAFVP,5284.118
SHOE2FQCE3QFC8ZM,3771.5002
TOPEEEPV4GFFSHJG,5984.01
PACE43HF8JWNA2GY,2999.6917
PBXEAHTCHTG62WSA,3026.3098
PADEHZFJGQNSEVKC,3959.7275
BRAEDQFRZAAEWCDT,2696.7253
BRAEDSKCJJUEVC6B,1385.2087
WATE8PBFZKV5BYDZ,11646.948
SNDEHYMXZTFRYZQV,6076.085
NKCDXYFHPJ4UNFPU,3917.223
RTRECTV9PSVC8Z9Y,1541.0287
BRAEDXPFA43N8HW9,7554.907
PCSE4C9YYYYXGNFH,7726.376
MUGEACY82SGHCHYY,4883.0146
CAGE7UCEDBWHWF48,2875.951
ACCEDTNRADHZ35UD,844.5428
SHOECKEYFVTA6E8S,6259.0664
CRTECN2QTK6FRYHR,2776.856
NKCE7MMG7YSJCBZG,410.93384
PTPEDDXTMZKMNXHX,4302.0884
ANKEGPVMFV9BJBJM,6004.161
BRAE8WPSGGK9DQHX,3673.1187
KHREH26Z6GEDTYYH,1072.94
NKCE9YX4TREBP4UZ,555.9601
SHIEHYHMWMYPDFSU,4295.979
BRAE7KQVYF75XZRE,5016.77
TSHEHU5RHTSZSCAY,6173.6875
PAEE8EZHZFKKYMVK,5865.208
NKCE7PZPCSNSCHWT,4046.135
CAGEBFPEVT4JFGPC,2801.9592
NKCEBBYSAMV3GRMV,2878.1304
PAEEAMGFHMZW72XN,5633.548
DRPEHYHNCZXNYFZH,1613.688
NKCEFAG9U4ZHRHKU,3552.4006
BRAE5F3KGW3JVKJH,1529.0804
JWSEBUKYNF45Q8DG,4669.6367
BBAEGJFRDFNK9FCH,5816.102
SHIEBY82HGZCTH5D,3552.4006
JUMEHUFGYXJYP29C,9324.354
MUGEAGGKY7DVDTYA,3387.1787
SHOEBGHJZB2UKFC4,4015.5095
CRTECN2QYUDAZJ8T,2222.0422
WATDEWZ9UMDYPWYC,1836.5203
TROEGZ8QS74W4XR8,11376.356
BRAEGJFX4ZCMZHH6,1154.7523
NKCECJPCUYJZZQTR,519.83453
BLAEE6KTUAEBTDKS,9188.16
MUGEACY8TXGZFHKY,418.55783
BRAE8EHTNDJHDDAD,1622.438
NKCEBFWTTMZH9MAR,5206.3574
FSEEHXHFG6KCYVVU,6935.632
WATE3YHHFFCUGZFB,4016.7432
BRAEAM6PF9YRAWWQ,7130.311
DTHEHTAZPGKDZXWH,4197.6924
BRAE7V2UXPZMDHQ7,7087.5693
CNBEJ9EDXWN8HQUU,2776.0566
TOPECYENWHHDGFCH,3552.4006
BOLEHUEBRTVCGWMK,3552.4006
TOPE8H5DGZH8GTDC,6375.1367
PAEE8G6NHEZMBWGH,8191.9863
LJGEG57E8US6WQWE,2802.4001
NKCEAVVRVBGADAHE,7388.533
SHIEFZ2GJGAHATFG,2160.0632
NKCDZJB8WUWBH49M,3060.028
HAREG4928QYXAP3E,7491.685
PBXEBQGM4J4AWAWF,5319.583
JGTECTXNVGH5GYM5,4883.0146
SHIECPXYNJ8UHGFN,6984.9883
NKCDWBPZ42YGY39Q,2328.3884
WATD9H76N5WQYVGJ,9501.911
ACCEBWRHKPQCGJNF,4404.8467
NKCEB2S9MFVUCSQU,1877.6741
CRTECN2QVHHZ5THC,3068.8145
NKCDUEHCBEY7YZV8,1385.2087
SHOED5DCYU8HWRDH,2926.1409
ACCDQDYBKTC6G9GH,8811.804
WATECVGYJXPGREKD,539.6617
NKCE7TZG9AG6F3YB,4040.6191
PBXED6C4RKBW8SRE,413.5484
CRTECN2QXHMJ87BG,2118.1016
SNDEGFJHB7XH9YPW,739.8913
NKCEAVZ3ECSBFANG,3997.476
BRAEB9ZNSUGGSFQV,4405.4946
WATE9CFHPAEU3G4B,4814.414
NKCDYQ3RWGURBTAV,2328.3884
BRAECRHEHYDVDRTG,2098.278
NKCED8HZ3VQRHGGF,424.24033
BKPEGUJHQSJUZBVF,446.3494
BRAECHF3WZHZBQX2,2001.7224
BRAECQGS8RZDBQXM,1548.9038
BRAEDNX2TYZYQQZ2,3587.4548
NKCEDAN8ZMVMTDMB,5304.0264
TUNEBE8ADAYHZ4PG,8282.075
BRAEDN37XKYGFKGR,7932.0776
CRTECN2QYUBADBHF,3238.737
SGLEGBV6USTHRNDH,3959.5864
NKCEAPCWZTGKKMGW,2844.4639
NKCDSRPAFNQEXDZG,786.6412
ACCEGNVADAYPFTER,3641.257
SHOECP78YDYPYPSE,3157.501
NKCECKHZPB2JMPGF,11257.755
CAGE79CEHJZX52XS,2948.2178
SHOEH4FSHEDEMVTM,3150.0505
NKCE5UY9JMZP9NGF,5961.655
RNGEDAKAZXTGZNAM,5665.6343
BRAE5PKZBZGYZEMH,7932.0776
WATD9H76GH2CHZ48,1606.0032
ELWEG4DCHBUNHUAD,5605.38
BRAEBBMQJ9ARUWCH,1389.6284
MUGEACY8FADKRHPW,1599.291
SHIE53GCQDQEK7SF,5865.208
TKPEG2Z2CWU9AHXG,641.3791
TOPEGGA6H622PCDF,1877.6741
RNGEFP2XDHURBWYP,1057.0477
WATE5HFYAAFVDZMJ,7932.0776
HLUEJQ3TART8YBKJ,10153.676
BDDEH93ZEEZY7CHM,818.55597
SHOECXPMAQXZ3QPH,3959.7275
BRAE8X2ZZMYUZGGU,1172.2225
CRTECN2RCWZTMS2F,2292.253
PHFEGJGHPSYKMHES,1774.451
NKCEDHHPRYYZURBG,7185.172
DSEEHETVWRX9FZDT,819.5349
TOPE7H6NJKNYWBGN,2620.5542
BRAEAM5DR9NS5XPE,3984.4543
BBOEGP4HM4C5WXVC,1017.3923
TOPE7ZHZJY9AJM7H,6222.038
BRFEHWGA3B6YEWNG,2044.5505
MUGEAGGKRHSXEGCV,3288.4656
NKCE6TNZZKEGKPGA,4169.443
ACCEGH6RPWY9DHAB,6051.1484
SHIEBJH8XQ2TEASA,1639.5798
GLSEHFJZGQDR9Y6Q,5604.6885
ACCDQDYBDNZRPMSW,1077.4526
CRTECN2QVH5KUGW4,3917.223
CRTEB774JMYWBRMV,4088.6396
BRAEAW9HUAWTZGSH,3299.8398
BRAEGJFXJGTRFEYE,1113.797
SHIECRX5GAVFAKJ7,2802.4001
PCSEC86VU9PMZYMP,8316.818
WATE8C5ZUTSGNEMF,2878.1304
NKCE2W3WYQZ7TCRA,2221.1873
BRAE7DRSNFESBUYT,5305.598
PBXEBSMZKB3GTTS8,7953.0225
CAGE9ABAYFMUUH45,292.88406
DREE8MF7NWZUYSBV,10268.248
BRAE3WVQHJWKQZHZ,1774.451
SHTEB5MNYHJJQGBJ,3666.254
PAEE7A8QGN6WSYAG,12329.484
MUGEACY8QAHZFFXV,1743.4694
AVCEJCHZ2GVMBVP2,760.3766
CAGEBTGG3AZRBFHE,2654.2207
TSHEGGCKYG5GGGMU,3026.3098
MUGEAGGKKZBHTBHW,3048.2734
PBXE7NYSPF4FKVY6,3060.028
ARPEEMCAMGADRCGQ,3988.5571
ACCEF3Z2XMEEJVWE,7555.1006
SHOEFMRZZAXFQW4F,5355.0684
TWTEHH2B5EZ4PK6U,4676.705
WATDXFGTMYAAZYW8,2972.748
SHIE9J6PPZ44RZDK,4419.3657
NKCED6EXHFFHUFEW,12513.227
PBXE78PHEKYZRPSC,9903.446
CAYEJFYZ6B73NUMH,272.71268
BRAE8RSAHXUVA9FQ,1529.0804
NKCE9W4ZNQGHCENM,1057.0477
SHTEDWHGGHUZZTMZ,891.53033
NKCE7ZPRDS6PZTAA,1918.6294
SWTEDVZZ92PX48ZY,4705.8286
PCSEC86VZVTTBKJE,7932.0776
TKPDS6ZEWH4KF3SJ,7381.7466
NKCE2B57DXAZBYER,2168.599
MUGE6A5HP6TG9YCQ,1746.7811
BRAEB2S8SVFDT9HA,2998.6052
FABE88MH9NNKPM4H,3164.7249
WBTDMEZTUWBPD5DM,4302.0884
VANE8KP4GWZPNKQZ,5382.4834
PCSE9R7E3AFG7F9H,1200.3353
ACCE8XZMBCKRGRVS,1490.4783
BAAEGHPNYQ5JMZNZ,6893.663
NKCEASCZT3V6YGJV,2268.4602
TOPEYJZ7PUP4YRP3,2676.1052
PCSE4VAVUPCMZZ7A,4240.1973
BRAE5F3KHHPXDMUR,2695.9285
CRTEJU6FJTEHSVTR,4514.222
PTPDVPFYEKTVFEZ8,2578.0496
JEAEHYZRRZDZZNWT,5715.399
JWSDYFUFNYBSDY6B,929.4333
CCVEFX3XNKFEF843,7239.874
PACE66XREPHDU3NH,4245.713
SUDEGGB3E5K4UNYW,659.3172
NKCEB3ZCW2HXUSFX,1409.4518
PCSEBFEH9XA3B2DF,3026.3098
BRAEBCY3JXSJFNZH,2044.5505
CLTEHE9GGXJKCWCV,4783.4175
CAGE5QJG2PSHZA28,309.13297
BRAEFR6JZXBQ9NJK,8684.172
BRAEBCY3V4ZR8UUU,6091.016
DREE3KKW8HYZJHZY,3552.4006
FABE92NVVHWSKHAX,4350.587
CBKEJ3AZYYJTEHK6,5284.118
SHIEA6YUZCDGZUCG,3587.4548
SHIE9J6PYBXBYHRZ,2024.7272
FABEADKA9VBM9DTM,4404.8467
BRAEB2S8TG98KYGJ,9616.191
CRTECN2QX4FC2UAC,2459.1294
NKCEAQPGSPXZDCSA,5080.4272
NKCE5TFVHZDZTAYH,3421.4443
BRAECCDUHY5DYWFW,2332.6006
NKCEFFFP9THXHT7P,1654.48
DREEAVB2QKSZN4HH,3917.223
SNDEGSZD4WHWUEPU,6844.4404
NKCEA5FHH53NDT9H,3997.476
NKCDU4RZYTKBTQPC,2612.8284
MUGEBFGFT2CSSGVM,1017.3923
PCSE2ZFDQHP9ENMD,8232.711
SHOE3TZMQHKWG7TT,4883.0146
SOCEGHFY7ZZ9G48G,3765.8987
SHOEJUQGNBAHYR3E,6428.661
PCSDY5AFFHEADFCS,7373.1597
BRAEGJFXJR4GPU2C,1081.2784
NKCE5UZHWVVB7FCU,3136.1992
BRAEBBYRHPZNNP6Z,1180.5204
PCSE98DZU6XXGY3C,6724.0293
NKCE4PZ6UJQG9QQE,1346.6066
PASEA46QFBTUGATC,2089.8525
CRTECN2QZAQWXEKU,3102.5327
CRTECN2QUHEXQ5BG,4522.124
CAGE9ENYESDHRAZG,4883.0146
SLIEHUFGN6EAJZZV,1618.5367
BRAE7KQVPZXEUTHY,8833.882
BRAE9RDPFQQHHNNE,7828.6567
SHIE853ADDAHYSFQ,1835.6837
PCSE9HAGHNGNRHZD,12565.192
WATE7VE24DXUPMAG,8891.392
PBXE4WZJC3ZN8NFC,9579.653
CAGE6GQCC6YG7FTD,6980.1865
PCSE6SJGNDGTHPGR,1124.7745
TSHEGCZTUAZAYE7G,3044.0525
PCSE9YCZXDYVMBYZ,3761.3164
DREEDR97RXXXSZXX,2188.4224
BRAE8UZGGRVBCEHM,8312.299
PBXE5YG7JZP48WAF,6084.324
TOPE4NB7QJFGX4PV,5215.2227
NKCE6SR49QBZZHMP,10403.846
ACCE8XZMFNFCDPXE,6518.371
NKCE45SJXTBHBFPX,4883.0146
CRTECN2QVVZWDMVZ,2578.0496
MUGECEVFM93JBPEW,3506.2188
PCSECV3F9MXQZH3V,308.88345
NKCE2RPCH7YGSPX9,5417.375
SHOECVMMYCMGFZZP,3155.2034
SHTEDFFJMHZWSYT2,4095.1375
NKCEAZ6FBHSGCGAN,4369.715
NKCEGZZGGGDCERGH,7087.5693
NKCDU4RZZAMFHSQY,3238.737
CAGED6YFXAHXJSDH,1472.9833
WCTEHU6FYRC6WWCG,3810.8352
WATDZ5HGFJCH2FGY,7806.9907
IDMEHY86YP4NFZUG,3150.0505
NKCEFERXYKGHFACG,4771.238
PBXEDDEFFMKZM3HG,575.3266
VLBEJKMQ9QZS8ZXH,197.6381
DREEG9JRZUZM5CBH,5319.583
NKCE6GJ5JHFKSM6T,5472.8394
SHOEG5XHVBSU5BRW,4302.0884
BOTEEWFAGTNGUQ5A,4892.964
ACCEGUY9XYXUMRDA,6588.5566
CRTECN2QUBFBECYZ,7476.506
CRTECN2QSWDGMGZZ,4197.6924
SHOECSWQCEZRR82X,2328.3884
WATDZ5HGGUGHEZMH,7554.907
NKCED8EGPHGKRPBH,6052.866
CWDEGNNW8YCD2VHQ,5438.4897
PBXE89GKDPBANA86,828.0279
ACCEA7PVQP8H27UH,1289.8573
JCKEEB5YX5Q8HYBM,2188.4224
CAGE8PKGVCNS7JCH,5698.3643
NDNEBA9VUFJGTDEE,577.0593
BLUEJQRHM9VA48GF,5865.208
PCSE6SJGCFMBG5PU,7087.5693
SHOEJP2GGGP2GGPB,1174.6414
CAGE8TQ8A7TPFYZN,2001.7224
TSHECHFVV3F5FHK2,3482.5725
TOPE3NVYHZNAEPHA,735.40076
BDGEGEGCZ5ZDXBX9,11421.41
PCSE3YFFCYQVRNYX,5953.623
CRTECN2QW9H2NWF2,2900.1975
TOPE7ZHY4ZX6VHYU,3997.476
NKCE9GY4ZH4Q4K69,320.6431
KLSEGTBP3VQPZTHF,3279.7026
BRAEGGFEQRWYDHHK,4211.792
PACECF9NDZG39YPR,4671.6406
SNDEGZ8XGC4BWUZF,5482.571
CRTECN2QZVM6SHSJ,2620.5542
SFFEGJZHZPYSE7YD,3676.1414
NKCE9YFBJMTVANBC,856.3009
BRAE9WYJXR43VESQ,1754.6277
FABE7D5ZSVVRPG75,3424.0315
ETHEGNMSZPZDZC6T,2688.982
CRTECN2QWRACCVZW,4211.792
CRTECN2QT6ZMHHHH,2620.5542
PBXE8W55A32CHXZD,416.15204
SUDEGGAVHGYEQJAH,2695.9285
NKCEAZ6FXQFHJH2Z,497.44775
NKCDYFHQAKQ62MHT,2696.7253
PTPE7H5JD4MH5T4D,3998.1145
SHIEBQ8W6KQHQG6J,6137.7803
TKSEEB9MNUGDS9DZ,3506.2188
BRAEDAGATZZKMRNY,1877.6741
CPIEJCN3ASM9ZRXE,3765.8987
RTRDQGV3ZTKAZTPD,4202.548
ARPEG54NHHJDT9FZ,4520.808
ACCEBUEKVFFUX2DE,8283.746
TSHEGYDYGFHGSHGY,5622.988
VLBEGZ7SBMDMYTXZ,5961.655
TOPE8ZAF4NMCGHR3,2839.8003
BRAEDQEDVYJV64GV,7981.4424
CRTECN2QSXKNSX8Z,2517.6672
BRAE3Y4ZP6GF4JKT,4451.6045
SHOEJWNPWBWCE7HQ,1510.6083
SUDEGVG6PJKDGW2Z,793.5801
WATEBS5YABDG6ART,4968.7856
JEAEGE8QCDDXCXFG,4705.8286
JEAEGFMHRSUHCHDY,10049.646
SHOEC8QGTYTSYHRC,5286.037
NKCECZJQS73UZGX3,2926.1409
CAGE8X8X5QEP5BWM,4956.5156
SHIECHC2G6B7JPTP,1076.8711
PTPEATF8HNUX8SGY,4075.0308
NKCE8BG8ZXHRZN9G,7840.692
BRAEBG4ZBVZDWG8M,1309.6807
SNDECV6YCADQHMUQ,6821.633
NKCEB98TYYUZE7BQ,3358.8909
TKPEJNSQMHREJYRD,4841.117
NKCDUYA5RGAGR4PY,3157.501
CRTECN2QSQX5H4GM,4404.8467
CRTECN2QVNAWZZHZ,3157.501
NKCE6SR4YVMYZMGY,10029.314
PBXEAJVRV5HNMDTR,309.13297
SFFEGF6KZ9PPM4SN,4569.9956
RNGDY8PZCQHBYA8U,6615.9746
PCSEAH5W7RFFGKFN,4420.873
RTRECZANMW6UAQ5A,3773.8284
PCSE9R3UWEMF57RQ,9220.958
SUDEGGB4EZEJ7ZPV,4419.3657
BRAEBBMQZJWQQFEE,3421.4443
CRNEJB4NE9FYSGBR,2578.0496
NKCDR6BHVPTCG7HA,10314.457
PTPE4JYTBXSZSZPF,3026.3098
ACCEGGAF75RZUBTU,13041.377
NSTEG358AT2YQVV2,4541.6094
ACCEGKXQ9ZFSWKMU,786.64386
SHOEBG6ZUGTSDGBU,4723.163
FABE92NVJWFVRWTZ,3552.4006
ACCE8XZMEQ5C2MU7,5223.864
SHIE2XDXPYYGJJZN,410.93384
BRAE3RFCGHJGVJ9Y,9258.265
NKCEA5FH9ZB34DEE,6192.7607
BRAECFAQXWGHUZDQ,1344.492
SNDEBG864TPNPGSE,916.7789
SHOE3MYBTPZVTGYM,4461.87
NKCECW7BGWYRZ3BP,3725.8699
ACCEGGAYF5HTP4RG,323.39832
BRAE8RSAJKCPQ4WP,7646.4863
ACCEGXK4RRVYHJZR,530.94244
CRTECN2QWHKJ3PBU,4245.713
DREECUW7PKBTZPRA,3757.033
PCSE6SJGZWXPQY9G,2388.9187
WATDZ98SPFAQVHWR,8378.387
CRTECN2QZ2HFUHH5,2875.951
CRTECN2QS7YHAKV2,2160.0632
NKCDU4RZNVATGYZZ,1529.0804
TOPE7W4CTFFFDQBH,3883.4153
NKCE7MMGDBM6ZYT5,3587.4548
FABE92NUSYEWSG56,692.50073
NKCEFFFPZC5FFNSY,4302.0884
BRAEGGER5HFB7YXT,7136.1294
KTAEGFPRCCS46ZMA,3068.8145
SUDEHYGUBYUKVZYJ,5633.548
SHIEHZRCHVFEEVMR,6037.0312
RNGE9HEA2SSEK9ZD,614.7529
BRAE74BRYKNFVGQE,2241.2993
AVCEFURSJBG924HG,628.86334
DREECZJEPZNGBSFZ,3587.4548
SOCEJPT5QW94BHWE,1346.6066
ECOEFYFCC2BUSBN5,2801.9592
BRAEA7GBQR7ZZN4K,2118.1016
TOPE5N5ACWGNUWBY,9527.462
BRAE8X2ZW4ZPDQ7A,6076.085
PELEJWHBZZHFCF4H,4878.852
PBXE6YVW4CSQGJPS,3000.7656
NKCE5WSJTHTHQFUG,4046.135
PACE5VYXKSZZ8GKF,2823.5532
PELEGWXGPG8UEXPN,2999.6917
CAGE7CZRJ39MZ33R,3026.3098
CLTEGE4SGRTVHXAW,3989.2263
PCSEAH5WZB8HNWEG,7130.311
MUGECEVFKB5RER6P,3238.737
NKCE3H6BGY7BF6K9,7663.789
CAGE7CZRW6MNSUH4,4554.3633
RTRDMNVFYZZBXT3G,2532.6802
CAGED2W2SHVURMZH,5633.548
BRAECTFYYHAUWR3A,2001.7224
BRAEAR7WUVRVUAHY,1529.0804
GUAEJGQCH9BNFH2J,6781.834
MATE49ATZAJFGTHF,1680.8174
NKCE8SESTHKCG7FW,6076.085
PBXE9T4SWW4HSFGJ,450.1637
TSHEHU5RY4T3XXQZ,5483.7383
SHTEE72RZN4TVPUY,5618.2017
NKCE8RB5Q2SERPVK,115.60136
PBXE9YWGTTTX6KVV,2915.3914
NKCDWBPZTRZJTVR2,2331.0176
NKCEGHR7YXJD3QVA,1346.6066
SHOE3S9BYE5XWSKS,6137.495
DRPEHS7GGAEJHWGH,679.4646
TOPE7DNYTYVKXH8X,4419.3657
CRLEJ6B76SJP8ZVG,6942.044
BRAE74BREFRNXRYB,3026.3098
CRTEA7HABNRWRZSV,2312.3606
TOPDX9TF8EH63HHG,3883.4153
ACCEJ6TESY6AFW59,1578.675
CRTECN2QZZJVMK8M,4215.0874
WATE3NWHWHGSECNQ,11301.561
MUGEACY8EXQKEZ8J,3506.2188
SUDEGGB5XKHZ8YRV,11022.195
CRTECN2QXUGAJF8Y,1113.797
TOPE6ZCJTWVV9GRK,8811.804
BRAEAHEHDB9H3E65,1898.4994
CRTECN2QVES5SGVH,4197.6924
BRAEDSGAZES3SRZ8,4197.6924
TOPE954F2MKDZFTF,1277.7987
BRAEE6YMYDZCTFHT,2096.6118
PBXEAJHVVCHEY59Y,524.2527
CAGE6FYHBF3HYBWE,655.72784
NKCE59YWGAXY6Q4B,2388.9187
BRAECKHYSXQD8ZMC,1230.416
SNDEHZMFFAHHZSHZ,5865.208
TOPE9RCYS54YZNFG,4245.713
NKCEC8AZHBUEHH6Y,3765.7588
NKCDYQ3REN9WJEAF,2620.5542
MUGEAGGKXFT23YYH,3676.1414
NKCE8HVPRWTY5JET,2373.489
PAEE8EZHYZESVZ2H,6053.1523
SHIE8G24RUNDF63N,5438.4897
SHIEBCQZHBFMSFMK,2999.6917
TOPEBCJF2D8JB3RG,3114.9963
NKCED2ZG8GMNMMSF,2844.4639
CAGE75DFBFFJZZ2P,3026.3098
KRTECQSZAZSPPJWZ,13089.927
NKCE3Y5PHMWUUWQ3,4786.616
WATDXFGTREYMG4ZW,1877.6741
GRKEG4UWCS4SNUSG,2448.5547
MUGEACY8MDQCWAGH,2190.3616
WATDZ5HGZZCZXDNC,9220.958
NKCE8E6YYVEUTNGY,2578.0496
JEAEGE8RGRFHFUU7,7432.261
BRAEE6YMYZ4D5YGS,5390.329
SNDE7FD6YA84VHSZ,766.3923
NKCE5HYVQV5ZKAMB,4754.1597
LJGEDTGP6EVWQAJW,4754.1597
SWIEHF3H7WG6VGMR,1657.5071
CRTECUWZC4AEEVTQ,3680.9714
ACCDXH5HDZZU8QRH,6676.8447
NKCE9ABEZFFRGABC,4783.4175
NKCEAVVRRGHWXTNF,3284.6328
DREEYGCXYYZHDGDZ,2918.4556
NKCE8RB5TUKH4USX,5916.493
NKCE96SXZGNBFP3J,7704.71
BRAE8QNFWA34HGDX,9590.567
BRAEDTNZZN4ER8JN,2024.7272
BRAEAW9MTDZZZBH9,5957.4453
PCSE6X3YSK6U4XMY,6298.828
SHOEBBWKYRZHMMZN,3068.8145
WATDKB7JHUHHVMU9,448.75882
WATECSYFBDTEVR5V,2620.5542
RNGE96Y2DCHGZ5AH,4205.917
VANED79Z5THRWD3K,3450.0337
CRTECN2QWVBQNTHQ,3157.501
USGEJPPVGZNYAJE4,7919.415
CRTECN2QY8BEJVAB,3068.8145
BRAEDNX2YFFFVD3A,1529.0804
RNGE96Y4USHKXVCY,1242.1752
TFHECYGABBG9NRZM,7087.5693
WCKE2TFYRJA65QEF,559.9481
BZREBXM8BFP6HZVP,5865.208
CAGE7DSFVSZDYPFF,1409.4518
SHOEGAJGGTZD6HSY,4671.6406
SHOE2FQCR89ZNN8W,7953.0225
TSHEGF9YZUKYJKZG,7254.677
CRTECN2QYZCRHWD5,2448.5547
WCKE2TFYMTCGDBE6,3574.4055
LJGEHYCBH3VEAZYN,1635.2087
CAGE76HYPAMJ7WKH,2915.3914
NKCECZJRGGSJS5MP,2875.951
HMBEHBANHWHNQF8B,1680.8174
NKCE2V6XHV3DSGPT,460.5991
AIRE9B8EKTNR8J4B,4097.864
CAGEBTJBUKGHGBSJ,5257.869
PCSE7B6U2VYJZWSQ,13278.977
CRTECN2QX3VH7RD5,1857.8507
SHIEGQEQ8X5DPEWU,272.71268
NKCE38HEJPZSGBDZ,2242.15
BRAEDQEETE3Y2CZJ,2026.926
TSHEJQ22W8XPPGGH,735.48944
CRTECN2QYTQNTVFH,611.99927
SHIEGHNCZBRTKZCR,4163.4126
NKCDYQ3R3YGZZYGB,6397.4136
SNDEJCWXXFWQRCJU,5198.592
BRAEGG4PJFZEHY5T,1000.06134
NKCE4PZ6YXXW7SPR,2918.4556
BRAEBG4ZXJNSXVNM,871.707
ACCDYDY6PBZGPYDT,12755.556
NKCE3JRMBSUGXDK2,7185.172
LJGE9TGNDH2E4VRH,7726.376
SRTEGWKMWDED9GFW,1510.6083
WATDE9NFPB9TBVSK,5082.036
SHOEJCZFDNVTB3RF,814.36725
BRAEGJFXYTH2MG98,3810.8352
TWTEHH2BQ29FYNGV,694.4234
SHOEHYA2U4D2FDGE,4509.075
NKCEB774ZFTSYG2V,337.52618
SGLEGBV8VZ4QSREY,6762.043
SHOEHZMMPFYUGBGD,5284.118
RNGEJ39US9ENJXYF,5303.3
MUGEACY8F4ZAFQNJ,1730.5134
PBXE6ZHNEGF3VGZW,2292.253
TLPEG6GR9HUYW3ES,880.3787
NKCECARBX85NCE3P,3134.1729
MUGEAGGKNFZUGFN7,4344.593
PCSE9ZPV7HAPCFZ6,7770.587
TOPE9KJE9PVJJZZC,3552.4006
CAGEBTJB5SZDNYXY,450.87033
NKCDYARBMAARKGFZ,3917.223
BRAEBHDVMHWWJ72Z,6526.8613
SUDEGGBFA9UZ87PY,6865.49
ACCEABW85UJZ7BMZ,8242.193
SHOE2ZNGYDECUGNG,4478.0303
NKCE9Z2J5XF5GDCP,3060.028
PTPEFS9BTD3YHNHF,4288.2173
NKCDWHFQ2ZBKQHGP,2024.7272
MUGEJG6SRGWSSZVS,6239.886
TOPEYHHWTQ59WEHB,5016.77
PACEC9FJHX2ZJJFM,3542.9854
NKCDU4RZYJ4NC2FS,3594.9053
CAGDU84G2G5AEAE5,9045.062
CRTECN2QU9XUVRDQ,3917.223
DRPE3N3WWNJHVVNN,2412.332
NKCDW898GSGZQGGY,2337.0388
MUGE92Z4ZTV8UZYN,2267.3535
BRAEBCY3TP8GZGQP,3984.4543
NKCE8HBNYGFJDU8Q,6263.3984
CLTEHE9FS4UCYDGH,603.6451
NKCE9PFFZZJ2JUTG,7663.789
SNDEGJFVJAHQCENF,10642.267
NKCE2NKZGKZ7TVUE,2373.489
SRTEHHD7AE757FTH,2612.8284
RNGEDAKCZAZQTEZZ,2292.253
RTRDNGVMH2ZJZRMQ,7400.658
SHIE9FMPWV8U4RWX,2089.8525
PCSEAKVBTXB6E4RF,991.0354
SCHE5Z57GMRHGXTD,3155.2034
SNDEJPZMCWYT5QRW,6471.6055
DREEGZ5CVEHJPDT9,5403.5757
SCHE4YST2DH7X2YC,3853.3398
BRAEDTPHBRK7YTYE,1642.2614
LIDE4YMTRHMXGXKZ,3133.0132
NKCED2ZGVXQE2UWP,3026.3098
BBAEJA4VWFFEZARG,5585.4717
WATE6S3AHZXW9GPK,8891.392
NKCEF9GTMZD4JZW3,3106.917
MUGEGZUMNZCKBZYS,2241.2993
KRTEC89NQNYTJC9S,1815.8937
MUGEAGGKWW34AFH6,2599.6436
NKCE7HN9XD8UDKHF,4046.135
CAGE8X8XZCGGXQ7Z,617.03625
BRAEDSKC33TQAGG2,2381.4053
PBXEBYHC4S5BQYDA,577.0593
WATDYQ938HFU8M8J,1199.9575
SHOEFVT6YAKB9XTE,4137.642
BNGEB467JXH6QER6,10814.246
GLSEHFJZ2N9C3WYK,826.5162
CRTECN2R5JRYASA4,3959.7275
NKCE2F5HBUPEAAPZ,557.1445
SHIEAREZZWVXUBQT,5284.118
BRAECKHYJ8HGVGHG,1346.6066
VLBEGZ7SQGDFUXE7,5304.0264
ETHEJG2KXFSM6SYG,1223.5868
MUGEAGGKZTMNHZPF,470.37112
FABEH2JYVTGFEEFT,818.55597
SNDEA5EG9KPNG38S,760.3766
MTYEGZ5ZCWFARE5X,4925.519
TOPE8XCDBUGUZWSP,2578.0496
COAEJFTZEFVYTVBG,1661.5723
NKCE9YCYAJTGZFZZ,3664.3596
RTRDMNVF7CQ3HAHU,3011.4114
PTGEGUZNXKZ8P6Z9,4754.1597
SHIE55GT4JDKEGZQ,4159.3057
TOPE7H6NK6YHDAP3,4918.24
TSHDWUPNBPZZHHRD,7042.793
ACCEATGZU9QWN3XR,2777.9614
TNREFBYF3NYEWX5R,13179.838
CRTECN2QYNFWAQHM,5930.025
KTAEJFR22QUF6CCX,8859.575
MUGE9HRR6HVCRPZT,5837.0405
BRAEAW9KZHABYUAW,8641.864
CAGE9ABBP3NXYEMZ,13729.946
SHTEJT4DCZAKK3YW,3899.7314
RTRD8FPJEQRZ6BEM,961.4592
PLWE6S4BKHB5HZD2,5117.227
NKCE6XU6NKSZPBYC,8312.299
TOPE5UZG8YEV39XC,1289.8573
NKCEAPCVHF2FJTCN,2875.951
NKCEASN6V7MJ482Y,2844.9048
SHIE3QDHDTF4BMK4,6263.3984
SLTEGE83BPHD2N2R,9656.656
CAGE6FYK6VKUMRTT,4211.792
TOPEGGA4KWAXGTG7,3157.501
NKCE966EVHN4AM4H,3068.8145
CRTECN2RTNAPQ9UC,2401.1687
AVCEJCJSV7YSUEGN,4344.593
SHOEBGDMZFGMWGSD,4159.3057
JCKDXPJGDX8MMGDF,4103.399
RTRDNHMRFZTR3ZPZ,3496.2092
NKCEFFFPSG28KBZR,4883.0146
BRAE8RSARRKPHWUY,7303.0547
NKCEBFWTZCR2Z9CK,8312.299
SNDEHZKGKGHDFG57,3164.7249
GOGEHYHYGRZFMC9D,1622.438
SOCEGHM6YYCTBXHS,1510.6083
SNDEGQ7NBVGASKHA,760.3766
MUGEACY8Z6RG3GPV,2851.5122
NKCE38HB3Y5YH3UF,3183.7688
MUGEB3GZ5HYHGBQT,2322.5515
SHOE6ZQFRGNTW8JX,2620.5542
CRTECN2QYZBRHJZF,3809.8835
WATECDDDQ7SFDD6K,4404.8467
BRFEGJANHRABGE2Y,6084.324
BRAEBBYRYZBKQRKA,9906.826
SHOECUZVNVUQ8CJF,2024.7272
CRTECN2QXB8H2ZMM,2222.0422
BRAEA5MZF4TEZZPH,4522.124
NKCDU4RZR83PHQG7,4956.5156
WATDZ5HGJEQGGB6U,4740.006
CRTECN2QZYZK9WYV,4559.2183
NKCEACWN5GXUC92H,2292.253
HKHE57EHTMJCH5FT,4040.6191
SHIEFFFPRTTYYF3G,6137.7803
SCIEFHFUUSZZD24P,5585.4717
ACCDXFZXH75VJZE8,12094.095
BRAE6Z79CG9ZH75H,6884.2393
BTCEJQYNBKZNZDKS,7646.4863
PBXECDBWKHNKGEGD,2001.7224
NKCE53HJHUTKNGUF,7704.71
CRTECN2QYNCSMYNX,3026.3098
BLAE6DPHFYECGZ68,12565.192
NKCEC9FM6ZZGB5A8,3910.5752
CRTECN2QYAPXYKZM,2417.7124
TMLECXEQZXPGWW7T,8798.762
SHOE8VP932WXGCZV,2998.6052
MUGEGZUH2HDYY4XF,3998.1145
BRAEDW63EGE5VDXG,2222.0422
MFLDUKGX3Z2J5VH9,4568.882
MUGE8TQEZKAD9WVN,2222.0422
ACCEAZCVS4YGWUVH,5553.385
MBPEFHRYGGHJMRYW,939.9124
TOPEDHEA9YERKGUT,2222.0422
BRAEDT7SDETZENWB,5865.208
TROEHYUVAJ6NBBAE,2222.0422
TOPEHZNSWYHQYGUF,3183.7688
BRAEDSGAYPJFXJJ5,2248.637
BRAE8EHTYSUXSHEM,2248.637
NKCEC8ATTJB3QMGB,8867.613
CAGE7DUYKHBTPZVZ,3676.1414
TOPEBKYKJZCNRNNJ,3164.7249
NKCE77RVJXKGY5HH,539.6617
CRTECN2QS6YHKQ3G,3824.583
NKCE9AZM3GVSMZPT,4336.5225
DREE9CPNYFZP9HRA,2802.4001
NKCE7Y2Y4BFFU9A4,3552.4006
SNDEDG6H5CYWWBBP,10153.616
CRTECN2QZJSZBWGH,3594.9053
PTPE7V9ZRFFHG22K,3894.7236
TSHEJCQ2VWZAKZJ4,2487.923
BRADM8DWKXXJDEHW,371.3557
CAGE22EFFAPMZEPE,1043.4377
RNGE87FCCDJQYSQ9,8312.299
CRTECN2QZZSR4ZVH,4568.882
SFFEHUAUGA5GBTYZ,6214.4766
TSHE4KACQVSBXCFC,6624.464
NKCE8NHGSHWS56FH,3001.871
ACCEGKFHWYVFNCX5,1774.451
TUNEA8UGGGDERAHT,17965.48
NKCEA5FHAKKSQCK7,640.8858
ACCDSY8ESXF9AUHY,11568.955
PBXE9YWGDQYKWXRS,9590.567
SHIEHYHHNPVZEXVZ,582.89874
NKCDX3BH8FVUZAYQ,6879.4375
PCSECV3FSKC4P3P8,785.68884
NKCE6UWHJPBKGHZ5,545.0108
SFFEHVAVYGCD3HSD,6315.9844
KRTEJ9GHTVHHGQHM,2683.039
USGEJPQKBNS5KDTE,4302.0884
NKCE5U69CGGXVG4C,4041.413
LJGEATZSV5VGNDXW,2694.105
BRAE8JUGGJMMETKY,1113.797
WATEHYU2ZR3UTGRK,918.0518
SUDEHYGUWDBVFRMH,740.46173
SNDE5E6BCHZCC7JQ,1942.304
RNGDVJYNGRUMZJFT,3959.7275
BRFECHUFKHVYUREJ,610.49994
MUGEBFGFEN9A5EGR,3917.223
SOCEGKQYHGGXAPGD,3026.3098
NKCE9Z2JTCBDBXJV,484.24954
PANEJQ5AMGFJKRAF,9369.401
CRTECN2QUHKRMZSA,3594.9053
TOPECBAAP9HW5VMH,9515.413
BRAE8RSAVVGKRBK9,3075.084
NKCEAX7H3Y9JBGYZ,272.71268
HRCEHF2C2XQKQZHM,3917.223
BRAE3TSHZ6VEKQUG,1162.4995
STIEJPM3D8HYQRTN,519.83453
LBXEHFA5TTMBMFR8,5251.3555
SHIEHGXH8GPWGWFE,5286.037
NKCEAUABWU3Z8HZ6,1258.3678
SNDEGFJ2GD5GWVSH,4280.319
NKCEDCT9KKXBQTND,292.98956
PLLEHQTXADABGDSZ,3957.1584
SNDE6SCTV6BCGRNV,8500.875
NKCEB7CE7G7JHQPA,3727.2954
PCSE6SJGPYFYGKUQ,6879.4375
LCHEGYYBWP4ECBZJ,9343.446
TLPECJY7WKHYDZT5,4404.8467
TOPECJFAHFF9PB94,3996.2764
SHTEDCZWARQ2HZXX,922.65094
SHIE86XAM3TUG7HA,5196.482
PELEG5D24ZAYAHUJ,4568.882
WATDYFQ559FZWRSQ,7733.894
NKCECZPZ8WCCFGRV,432.3401
CAGE9YTNZV5B3WWZ,551.8484
NKCEAGXHYGDBWMWZ,2880.3743
CRTEHSS9JCJEZWCA,5715.399
CBKEJ3AZMZGTQ9F5,934.8448
PCSE55G4YBUXMBJK,1200.3353
RNGEBKGHZFCSNZWZ,1510.6083
CNDEGVK2ZMCGSCEQ,8793.021
ACBEHDUATE73ZUFF,2168.599
NKCE5U69RBZRVJCQ,2802.4001
RNGEDAKAZRSRYN2X,6844.4404
PACE5Y8Y44TKZ7RM,3243.5671
MUGEACY8VKKQ6GJ4,2024.7272
TOPE6QGAWN9YDQWZ,6076.085
BRAEBBYRWHYKY7CM,6821.633
BRAECA2JWQJZFHUU,2464.6206
SNDEFGEAF4GRHHX8,576.3624
WATE9ZYZTKUEFFVG,7965.8545
SHIE7QCY6ZQSUF6E,5223.864
WATED9T48YVSTAA5,2928.3945
SHIEB85ZA9EMJ4BZ,6153.2705
SHIEARR3DXE2SXRF,3294.0583
TOPEGHZ6VKKVGYNR,5991.1167
WATDXFGTFHHKPBNV,1076.8711
SRTEGWKKZNUYX7HW,8236.816
SCREEMC7DYNN5YHF,4364.412
WTBEJ9RTQQMB9VYE,2845.1807
NKCEAMDRQZKUXEYW,4621.7217
BWLEHTBPHRBSDEYF,9005.508
CAGE5HVNTSEFWCW7,10025.935
SHIE55GT7F6HYXDT,3463.714
RTRD4D3EGBAYBG2C,776.2589
SHIE7MGDC6ECGFJ8,3150.0505
BRAEB2S8RRCWFJST,1080.736
SNDEHZPDGAZBWJTM,784.4452
BRAE7SQFUBCGUCWT,1835.1027
DREEGXZ2QN5ZKDGH,5518.6523
CRTECN2QUHW9VFFT,2487.3977
NKCE8VQHVG89RUY5,5473.3506
BALEGFWE2Z7GTDMS,3203.2239
TKPEJNDEFYSRZSXF,5438.4897
SHOEHYEAJCGEP5UQ,2071.9333
LTBEJGVNHVHPUZ9G,9656.656
CAGE4GF7UWGZHN7J,2412.332
NKCE4TV4VCFGY5UH,3506.2188
TWCEGJZKVYZHNE6Z,3666.254
BRAEAZEFXHCKE3RG,6875.083
FABE92NVWSKPDK8W,3157.501
BRAE8UZGKMFVSG2B,6428.661
NKCDZFJMRP2XBBTK,4015.5095
RTRDZ5PJTSHHXGME,6942.044
NKCE7AGZESRQGFHG,2044.5505
CAGEBTJBTNGGDZQZ,4754.1597
MUGE6SYU8QAKS7UH,3157.501
MUGEAGGKYUB8SYA5,3633.2922
WATDJTR979TAXJJZ,14099.455
CRTECYY4ZHUZ6HNT,4824.937
SUDEHYGUXGNXBNZM,6076.085
CAGE3FX7XZGYHGRJ,3068.8145
NKCDWBPZ9PWWVGN2,1964.9469
NKCDXYFHNXGS6MSE,2615.4312
BRAE3TSHVMCW7NDZ,7990.8057
MUGE6S9YZ25CHZRN,2620.8052
PCSEBDFUMFZZQDJW,12329.484
SGEEG7CR5YSTGTFT,4419.3657
CRTECN2QVKZ4P6VP,3238.737
BRAEDSGBTTMMSZZM,2612.8284
SHIE6ZSBGF3GZZFF,2098.278
PTPE62XBPSEHCQCR,5964.8857
WATEYUZXN2DHGZ36,8232.711
SHOECK2FYYWUT4KM,4610.993
ACCEDTNRJXYZHZZW,6274.4365
NKCE9336FXG94XTG,1548.9038
JUMEJCDRCWWKBQSX,10139.354
WATDZ2ZQTPKQZEHG,7563.836
TKPEGRKHT4832GFE,3170.3176
RTRDQZMJBWHZCXZT,12762.349
CAGE6HYJGDZQXHQD,9402.275
SHIE8VY9ZYWPUBWV,2222.0422
NKCEABYZYMNATYGH,4631.5303
RNGE4Z3DDZ3YAKSG,5933.159
SHOEFZXRNYJKPPYG,4522.124
RNGEAHG8GKFRK38B,4200.6226
NKCEA4CAMNKWVXTG,5267.1074
CRTECN2QT4YABNGQ,2777.9614
SNDECYKYTBUYUEPU,8378.387
BBAEGGDCFERYAQHU,2918.4556
PCSEDE6ZNWQCXWDY,7932.0776
SNDEJH4DBHFK4N7B,4370.4175
SHIEAW8RHVJNER3B,3178.7039
SHOE9UDJKNVSDH72,4302.0884
NKCECZJQSWTUUGXK,4036.0356
BDSEJJCKFGYZR4GS,370.70633
ACCE8XZMKHTPSVFW,6361.001
NKCECCMFZVWGAZXP,3463.714
BRAEDUXKWHZFVQN7,1405.0321
BRAE8RSADX6YHAQT,6821.633
CRTECN2QTVAGYNZ6,1820.3322
SNDEFKFNCHPREWPN,6177.703
BRAE3TSHVWYHGGWH,7981.4424
BRAE8WYHNGG7ZXPM,1922.8336
TOPEHZNSDHHZDB4G,592.16266
CAGE773YKTNBTMMH,8282.075
BRAE2NF6S8WKV2FE,1076.8711
WATDZ2ZQPXHZYQZJ,5553.385
PCSEE4H5GPSUFGGX,2118.1016
CRTECN2QYG6SNGZE,2701.7903
PCSEAH5WAEHFFNDZ,9154.869
TOPEDFTZPFYP7UZU,4404.8467
NKCE7VKYZ8PEGCG8,4754.1597
BRAEE6YMBUAGK2FH,4569.9956
SHIECKYBQQNHZFZD,2654.2207
PYJEGN9Q9NWSUYGB,8833.882
PBXE5ZJZY2NC256B,2776.856
PCSEAH5WEFMRTDEX,8670.225
TSHEG57TG27P9EZM,2999.6917
BRAEGJFXUHYZPDWZ,8223.916
SKTEC88WSNYJKWY7,559.29285
PTPE6GZRTJJCSURV,2839.8003
PACEARXTEE2R8CNT,2620.5542
LJGEYGHD2YPQHQGZ,4302.0884
SRTEH2FGBDJGX8FW,1237.2906
NKCEGGFGCKCZS72F,5649.8315
NKCE9AZMTYBWTAV3,4221.976
BRAE5PKZGX8HNT8Z,5747.708
CAGEBTGH3CHD9T4T,4365.768
HRCEHF2CCUFD778C,5028.368
DREEGSMKFEHFFYNV,5854.6484
DREEADCWZ6XFZCGJ,854.0434
PCSEC86WZXZPEEZB,7981.4424
SSSEHFZ34KRWYGSH,2696.7253
CLDE26U5N2TSHREG,4897.0156
CAGDTSJUFVMVP3XG,6942.044
BRAEBB6TWYYGKYQC,1877.6741
PCSE76X4K44HZ5YY,5933.159
BRAE8TFHXNFSGZHZ,7932.0776
SGLEGBV4XF6GBWZS,2776.856
CAGEBXZ4UGZU65ZV,856.3009
NKCDX3BHQDPKVJ9A,3133.0132
CRTECN2QUPXANVU9,2802.4001
FFLEGEXHXGFXZAXY,6875.083
NKCE7HN9F746GK2E,14783.717
ACCEAZCVU9RPHNFG,6428.661
KTAEHE9KFWXNYHFD,2849.7935
CRTECN2QY2WRVENS,6264.6846
NKCEFP3J2FKVYFRG,342.83466
JCKE2HWFZD5HZRE5,6175.9844
BRAE2Z9VJ8B8FAD2,1625.0411
FABE92PZSEPSGZFK,336.80374
WATEYAP3B7Z2BSYV,7602.378
ACCDXFAJ8NGKEQ5A,103.29802
CLDE9Y64GKDGAAUG,1521.8181
NKCDU4RZRKCZWYQH,784.32904
PSIEF4ATFU6QYETN,4918.049
CLTEJ5ZZUZKHHYDK,7381.7466
JEAEGBX2FBDMZK2N,2222.0422
CRTECN2QTXCGYGNC,4344.593
ACCE6FZPTNC3UGSG,2540.3655
PCSEE4H5KH5KUBA4,11257.755
CTTEH9FYJFQMB8M9,5865.208
BRAEBXRBXYDKYPKB,2727.7715
WATDQKYFVYKGPAKA,7554.907
CRTECN2QSTZHJTKF,1433.729
CLTEJ5ZZMTBYXWZQ,5865.208
DREECRS5RGQZTYNE,4337.5195
DIAEJ8FGHZ3K86JU,1553.3488
WATEHZN5BG4SUKBY,4419.3657
NKCECS3FSXUA56AU,10836.44
SHIEBZ7UE4BXMK98,1529.0804
SMCEJV6XGQDBMGGQ,5633.548
SHOE39Q6PDKHYY2F,391.57047
BRAE3TSHYTS4FCU4,8248.472
ACCE7ZK9GP3YCHBP,1548.9038
WATDWGAHG7AHMW6Y,2844.9048
SHIEASFWXZ6H28UY,5167.004
BRAEDSGBPHRAHEMU,7880.1143
BRAE4ZWYGGWFKUM3,3773.8284
BAREGGF8NBTFWU4G,2578.0496
PTLEH3D3VTGUCQBK,2388.9187
BALEEZ2A4SWPXJU4,350.13455
CRTECN2QW62MTXAJ,2222.0422
TOPEDTKMHEGYN2GA,679.7873
WATEHZP5RHMMCBPZ,5725.208
KRTECZHGC97Y3DGK,7434.571
ACCE6DZCJZ3M2DAT,842.6246
NKCEBUPHUZM4BRWF,577.0593
ACCDSY8EYXYYYYVK,11429.381
SHOE4HKYRFPHCJWX,3075.084
DIAEEUAM8QXHB7BD,740.46173
PELEGNSQYKKHT2ZH,5114.541
NKCECYNZ8HHZHY3N,3959.7275
BKPEGUJHJFYS4FCU,5865.208
CRTECN2R6SGHFHGJ,6077.989
DREECRS4FHNBDJHY,5586.9775
SHIE7BZ9XWCHEYPG,5304.0264
PBXED9Q2MZEQWXCP,10500.107
CAGE5RNE4JVBXZBX,337.06104
WATDZDGRQBXTKHPW,4956.5156
NKCE3Y5PSKAJSBPY,6566.8506
BRAEE6KRWZZGZKHX,3868.9778
NKCDYQ3RC997MHB9,7130.311
BRAEDXUVZPX2RVVP,2096.6118
NKCE8JMCMGCHCYDG,1553.3488
SKTDDA4YREGBZDP3,6331.0576
CAGE9A68NZMEVPPE,9796.402
BRAE6NZAQBHWZNMT,242.22217
BRAEAW9HUCVYHBHE,2532.6802
NKCEYM3BHZHMYT7Q,4302.0884
MUGEACY8ZBCGS2ZF,3506.2188
PBXECUFGDMEZWMYB,2171.2798
ACCDX8ZUEWUKFHHQ,1527.9265
RNGE7GVYZGVHDS2V,10254.526
RNGDTBQUJUCRDTCK,4302.0884
PCSDY5AHHQSXZARH,795.864
PBXEAZ85KCZED6ST,2620.5542
NKCE8HSQEKWFAUYS,325.02686
SFFEGEZCEJRG9HVF,3810.8352
JEAEGWYDZYDRGXQF,3506.2188
BRAE8TFH9J4PHP2Q,4245.713
BRAEB5BUYYSV9TEQ,1548.9038
AIREBB9APEFZYSFB,7645.286
SUIEHFNUU3BDCGZN,735.40076
WATE9M3RRRKZK4FD,614.7529
BRAEGJFXBGRJKXPN,7461.415
SNDEDF6WMSQJEGFN,7381.7466
TSHEGG9KQHGQEZXS,4956.5156
TIEEHZDEDRUH6NMB,2845.1807
BRAE9C3MZZ7SKKSH,7770.587
CRTECN2QYAWB9FPE,3164.7249
NKCE8T78YZYEQYDD,2875.951
RTRD7XKFDBPBR6CV,679.4646
BBCDPFZM6V585ZZE,334.0643
PCSE5VQ3FBAPKERB,6428.661
BRAEBADVVRBUXZGN,5775.6533
NKCECB9KEYRV2SU2,3441.2676
SHIE9GH8DZF3APB9,4707.6597
BRAEBXRB322WRYZF,9590.567
RNGEDAKEZXMAXYKB,8793.021
MUGEAGGKDCJHRYBY,891.53033
NLPEJUMTYT8BP983,416.11148
BRAEARZHZF7HFYM6,1898.4994
ACCE3YFFQY82H72D,7861.9727
NKCE5TFVTYJC6VMW,7042.793
RNGE96Y3FNJ4TVSA,9491.89
CRTECN2QTGFWHYBY,3183.7688
SNDE3SNFMHARS463,1104.5176
PCSEC86VYYXG23ZB,9939.598
TKPEG6PZEBEYFB2M,12571.813
PCSEC86V2P4M3TXC,8378.387
PSRD7NKJGFMGAZQG,4918.049
SGLEJJA6TVC2KYUH,648.3164
BRAE8WYHNJ2B2ZEJ,4159.3057
PBXE6P4FHJJCQZXZ,5463.822
BRAE3TSHZGWGT6WP,6382.9746
WATEHZP3ZA9YT99G,626.1097
BRAEE4H4XNG34W5Q,3667.368
CRTECN2QZSZMM3YJ,1529.0804
ACCDXFPFH66QGGR2,17534.822
TOPE89Q4SYQXFGXF,3026.3098
NKCEBMDCUWFNR7ZC,1541.0287
NKCE9AZM5ZMSFXSX,3552.4006
ETHEGYSVEZSH5HUG,3787.9465
CAGEBTJBAQKZUVQD,7981.4424
RNGE7M92H9QHRKEX,10423.468
CAGEAFDBEJY56XSE,555.5033
HKHE5QUYGQAWURCP,3810.8352
PCSE4V8HN6NGMFBH,8575.775
WATE8E8PMU6ZRZGZ,497.01932
SNDE2RXYKZZAMNGT,760.3766
ACCDXFA6DYGMS3FZ,5715.399
ACCE6DZCAGSQEW3B,7898.165
BRAEDQEDVTAKHTX7,1309.6807
TOPEBYXVCYTBF6MX,5837.0405
PEAEETEJMJZ75EVG,331.85147
CAGEBXX7YEQZQQ2J,954.16656
BRADM8DWS52HEGJV,5917.4307
SFFEGJZQHKNFMPG6,2222.0422
TOPE45NZFFUDHKZR,5223.864
PCSDY5AFQE42NNTK,1886.8068
NKCEANMPRRRUSPZE,2644.225
SNDEFV8ZSKGTFAAC,4163.4126
NKCE88AHMVQHFZHU,864.1519
CAGE6FYKGSNJWBG8,1309.6807
BRAE9WYKVTCZYNUB,784.32904
CAGE7CZR6ZD9RT3K,9491.89
CAGE22EEX2HKGXFQ,3810.8352
JCKEG4AKNM3HP3MG,4745.0586
CRTEA7HANRC9HYK3,9801.366
MPLEJEG8SDGZ4GGP,1144.4409
ACCDX8ZTH89YR2ZF,1921.6029
CMTEJQYQEU2GBD2V,4163.4126
TOPEYY5YQGGRWGGZ,5586.931
TOPEG3ZFYPPG9HZM,3619.8184
NKCEYTXEPHXSXDKM,3757.033
ACCE6TJTBHE6YHDJ,2242.15
SUDEHYGUSSZGDBRQ,9772.084
PCSEAH5W6GBGTD9Z,1013.57764
ACBECFGT74DBRJRT,2188.729
PBXE8WPTPZSCW8UP,2875.951
NKCEC86VG3DP9ZGQ,1964.9469
NKCDYRHGGJUVZ7WC,1095.6512
TOPECUYTF7XTXND3,2517.6672
ACCEGF6WWRAUMRPT,597.6436
MUGEBFGF4ZDPGTZZ,3959.5864
MUGEB7J7GPWUH6Q5,891.53033
NKCE7MBRTAZB2DB5,8645.76
BRAE8VUUYMWAYSCK,7434.571
BRAE5F3KHPGUMPCW,6518.371
NKCE69P8JR2ENBAG,2238.8098
MUGEBJ7XHN9UYUH9,4015.5095
SNDEGGQ2QZ2HMFYB,6470.6445
BRAE7YF6E3PH9JGW,5284.118
NKCDYPDSFAFRAQ9T,6935.632
NKCEBZNZXXAKBVMW,2801.9592
SGLEJFM3XXXGKXDA,890.48895
SHOEJGFU7RXZXFEM,3150.0505
BRAE9G83CUBM56TA,5842.9434
PBXE9GF9XZTGMCRG,387.17993
SHIEFFFPVBQK6GBH,8493.57
CRTECN2QZ3XEUPTT,578.9578
MUGEACY8NCCXXWJZ,254.38745
BATEGR3ZHKPGMHXD,5715.399
NKCEA4CAU4WH8RKF,3026.3098
ECOEH4BXGVMBYEMG,1820.3322
SHIEBFXDQYHQAUQF,5961.655
BRAEFR6J5FJ4FUZY,5223.864
NKCEAPCVJKG8J283,3917.223
NKCE4VA4M2ZKZGUY,7682.6787
TSHEGZKMZYGHZPRV,5853.721
TOPEBWGFN8MFKKKE,3133.0132
PCSEAH5WHJCJWVQE,5257.869
BRAE6AV3FZNGNTXH,2001.7224
TUNEB7FU74F3UGVH,17127.719
RNGE7M92BFXHH5VT,1622.541
CRTECN2QYSAMMGRW,1000.06134
PCSE4TF4DYGDKZCT,7953.0225
BRAEE6YMRVXF3HNV,7783.259
BRAEBCY3WXYZEGBU,4985.7734
JWSE6GH6HKQFXTTD,3788.88
HSAEH6FCCGM7HKUQ,4363.638
BRAEBBYRCKVHHG7Q,5194.6294
SHOEAPT3RUN6RAJ2,467.28458
CAGE9ABAGXS3WZDB,4956.5156
RNGE65FGMRNRDSNH,7985.996
CAGE22EETSQPZKZA,8684.172
PCSEDPHM4G7WAYBA,9738.68
RTRE2TYNWTGTPE8D,2412.332
PTSE4ZHEZTF7UYNK,11164.376
SCHE7YGX8SSZCHA2,659.54974
WATE6S3AZNHMPTJA,8282.075
SHIEY6KFSWWZVUVT,4245.713
CRTEA7HAC5HFBYGY,2388.9187
SHOECK2F25ZZS6GG,4514.222
SHIEHZSPHYJF494X,5421.333
BRAE77MQQGG9VQVK,1877.6741
BRAEBHDVYFH5AWYH,6887.385
CAGE5GE5YRY2YNDV,1865.4686
BEOEGXRWE4NDBJNV,6052.5215
RTRDNGVMCGNCTWUU,5275.477
GOGEHZ5P5XDZ2UZF,4708.735
SHIE7MGDAS5B4JEY,3765.7588
CTTEH9FUH3GKT3TF,2694.105
TMLECXEQ9PJUZGTY,9324.354
PELEGNVBZXXXKDNZ,1289.8573
SHOEFSE2WAFKZFHX,4985.7734
TSHEHU5RBAFXVFHK,5223.864
FSEEHAGGGFHQJKWB,11007.128
SWSEDXEYKZKKEMSC,7645.286
NKCE2MBFEMAJTEBD,1786.133
WATE8GDGPNKRTURP,2328.3884
WATEB2FZUMQU4W7R,1076.8711
BRAE4YXVJ86CZF6F,1560.6888
KECEGTXHVYW47ZZD,3157.501
PCSEAKVBYGBZXKNS,8232.711
NKCE5QSZPBG9THXZ,3417.4102
NKCE6SR4GUG326DS,1353.2704
CAGE9ABAFWTJFGVY,610.49994
SHIE4T77GMCNHFBC,1963.7579
PBXEACG2FBGPQKWG,3489.2515
BRAEDSKC3YRYJZCR,4171.409
PBXEAGTNVHGQT75S,12329.484
TOPEBTGCPSWPYGRM,7861.9727
ACCDQDYBQZPEEXTY,17534.822
WATEBSZUTGAQBCFN,1057.0477
CAGE9ZGYNRZCKNEF,6137.6055
SWTEFZCKAC4MABVZ,5562.7334
RNGE87FCF5VXWTKH,4771.238
LJGEG57EHMYZQDZU,852.77045
SHOE6VH5FY6TXG62,2024.7272
CBREGH79HVGFZQYW,6173.6875
ACCDWGG3HSCGUN9V,4402.8525
PTGEGUPYWSZFTDCB,4771.238
SHIEERWHHPMWHPWB,6137.7803
SOCEGGZ8MHX79YGA,1453.5524
NKCECQYZXR4K76BH,10458.485
WCKE2TFYGMCEPV5G,3463.714
JEAEG7CFYNZDJEVD,1034.9097
TOPECY77GYMZDRGX,3765.7588
RNGE5GSJTGW5V9CQ,13890.588
NKCE49ATDNH39ZYR,11007.128
WATDSV3UMUNAXURA,10123.866
BRAEDFYYZUQJBTEH,4434.0093
JEAEGF6NVGBFHSHH,4372.098
NKCDSCF3GCSWCNMP,12762.349
ACBEHDUBQHXTPAVK,2875.951
NKCDSCF369WABYU2,12571.813
BRAEB2ZTUJJFFQTE,5171.1416
BRAEDQFRTQFYPJ2Y,3506.2188
TOPE8Y6THTGRDF9D,3150.0505
TOPECAE3JJMVYJFF,4814.414
NKCE5DGMUGHTVMW5,2448.5547
BBAE9ZSFDZ5JEFGA,5965.957
NKCEYYX9FZWBEGQF,3157.501
TSHEGHHU6C28JJUH,6521.7793
MNGEJHG7AVRHC8VF,6781.834
CRTECN2QYV9WPJUC,4565.346
AIRE98PZQXREURYP,4724.48
BRAECFARH6PZ4J4W,2802.4001
SRTEHXSHU8DXFRYM,4344.593
RNGE7GVYGYRGX5VT,6428.661
TSHEEDY3HY3Y2HAM,2292.253
ACCE5HSSFHVYZFGH,3114.9963
KRTEBKQJFWMZHRRF,9523.539
NKCEC8AC6XFX5NGF,1898.4994
RTRDGGQ754BDWH7U,2316.3652
BLAEEH2ZH8PNRD6M,7185.172
NKCEAGXHHF2ZFZEZ,4585.285
PBXEBKWJEADHCZVN,2998.6052
ACCEGZ66PXG5AHHJ,4932.4463
RNGEH4G46M4DTFSM,3150.0505
KLSEGUGFRDBSSEDM,1034.9097
NKCE7KY4YRMECRVN,3068.8145
NKCE6ADEKEGUHPCP,3953.1108
BRAEDSGQ92HDFACZ,6115.5205
WATEHZZXEGZEZZBQ,3114.9963
NKCE7MMG4PWWHFM7,2550.3574
NKCE9Q93GVK3B8MZ,760.3766
SFFEGZBWFGFTGYY9,6274.4365
ACCEHR4HMGHFRQAC,2694.2292
NKCE2RPCBRZFJZZM,679.4646
CRTECUWZXMV2YZ9G,2268.4602
RNGE9GWQJSAAFF48,10148.417
WATDXFGTP3FEMGEH,11984.196
TOPE5WX3KMNXGUGM,5257.869
CRTECN2QZFVWZMTY,1490.4783
WATE26J7Z9MEZZKH,16099.971
NKCE5EF4H8C5MCGD,2079.1357
TWTEHH2BCWXHVTHF,3491.655
MATEHF3PGYP4ZDPB,8804.819
PCSEAKVBHWNWCHGU,5961.655
NKCDRDWASY2HY4V8,9125.321
PCSEAH5WDKWZZ2AU,5473.3506
SKIEG6VFMGKXVBDQ,6089.677
TMKEGWTM9RBGGFM4,4404.8467
TOPEHFGNNEE2ZGBU,13648.984
WATDYFQ5UHW3SK4N,9125.321
NKCDU4RZDXGZHGGA,3959.7275
RTRDVFAPZMNA8CHC,760.3766
MUGEBFGY3HVWBKY4,5423.5947
ACCEGYPF35GBXNGB,410.93384
CAGED6GK44DCXKZM,4680.6587
NKCE88AHRCD7KNQT,6110.493
BRAE6ZCHAQFRYMQY,1000.06134
CRTECN2QUZSRCEN4,3814.6958
PTPE7JZCBGGKPSGS,3928.9058
WATEHXGUJCYK88TF,979.0877
SHOEDP7ZGYFKGWNH,1845.8907
DRPEHYHMFE6G3XZG,4295.979
WATE2FAHSMPK4TPR,4705.8286
NKCE9ZGXYYRZTXZS,9590.567
NKCEANMPGYRNMZJP,3157.501
BRAE2NF6XGU42KGQ,4436.457
SHOEFPMKKVP2SVZD,4956.5156
WATEHYHPZSDEGFBT,4240.1973
ACCEAZCVBHKKDVMZ,5805.3706
SHIE4THTCWNHTZXM,5284.118
BRAEBXRBCCJAF72G,1109.8152
WATEHZZSSCU4YXYG,3114.9963
VLBEHHW6ZWDUZNAJ,5284.118
KTAEHE9KFCMVVSBN,3882.2156
SNDE9HRW9ZVPG9A6,8232.711
PCSE4A2ZBHGAVCDF,1200.8755
SHOE4UC3MJZF3VFJ,4215.197
JWSE9CZDPATTCRX7,7381.7466
TOPE8YMASZEUXPRY,4479.6772
ACCE8WYMVWNXBBAH,3641.257
JWSEBCY4HHXYGZJG,5820.8613
NKCEDFNHMTWNTVHA,2089.8525
TOPEHZNZ9YZYYAPU,3157.501
RNGEDAK2HFRD72HE,5082.036
SLIEGXZYZTTSZD9C,4046.135
NKCEDCT9X6VHCF37,2654.2207
PTPEAT32YEZ7G4BB,4404.8467
CAGDU85YYWZHHNGT,3347.8604
BRAEGJFX7PSVECHP,4549.0166
BRAEBG4DCHJMRYZZ,7085.959
RNGE864HQQUYJQHB,5493.0977
PCSEC86VHTYFJHUW,6942.044
SHOEBYZGZ682N4K2,2392.5088
BRAEDX66GWPY6KJ9,5638.592
TOPDXQWEF87REHYJ,5215.2227
NKCECZG4URZY9DZ5,3114.9963
TKPEH9F5BQTQAMSC,5672.8096
WATDZ5HGF5UXGZVG,8692.091
BRAEBBYRYTEEDDA9,9045.062
NKCEAFM7PNFKNZSH,3998.1145
TOPE3NVYKBXFRYSG,4676.4956
NKCECGVAMX6ZGEVH,2026.926
DREEBAQ9YMYF2Y3N,4723.163
MUGEACY8EVX5VAMD,4088.6396
CRTECN2QSZFWPZFY,3288.9934
WATEYAP3GD6VYR5U,7981.4424
RNCEGE7HZZRPMSRF,640.8858
ACCDQDYBNKEVMMCU,6340.049
PCSDY5AFFB4EXAX6,12018.284
NKCE9G2BHRUF9TWB,4522.124
BRAE8TFHZJ6A2FFZ,2168.599
CSOE7JP6ZHUG9HZR,3672.687
JEAEHYZMPCBH3HCZ,3635.7412
FABEAJUHKKTRCNQX,2825.0579
JEAEGFMQSBYX5M4A,7183.5625
NKCE9YFCMXP7QXRN,6360.383
NKCE9TBYPBNJYZRS,337.52618
ACCEDNXYRZWBPFDF,8312.299
SHOEHXFAMFH3PDHY,3917.223
PACEB2XUZJWEY8BH,4421.554
NKCE6XU6USJZXSB8,11257.755
SWSEHTRZKX3HZCMJ,3988.5571
PCSEC86V2Q6P7PAB,6331.0576
NKCE6GJ5GD7KR8KZ,475.6388
CRTECN2QUAQVZREG,2940.9075
CPCEJCCPYGHSTWTF,5961.655
NKCEBBEYX8NWRXHA,3443.441
BRAEBBMQWK9K65UU,1836.5203
CPCEH2BTGUYS5XJB,4245.713
WATE3FAXGFHMASYX,2890.1877
NKCEB98T6AZZCH8H,6222.038
RNGE7M92NWJJEHDD,6370.8564
RNGE8URWFPRT4QZ3,7364.9688
DREEFFG5PA6AVFH9,5141.5654
DREEGNWGSHTUKCZM,7646.4863
LJGEJ3G6J6Y4UUH8,5961.655
NKCECZFZNVGGSVBT,5288.5864
ACCEGZ6BDHTWARMS,427.20673
TOPEDFACGQGAAAST,4088.6396
NKCDU4RZCR2FGCCU,3228.8496
SHIEBQF6VHTX2HYZ,6192.7607
PCSE9Q6VCVMWRAPN,355.33398
PBXE9A6DECDDMJHH,864.1519
SFFEG7FXSSCPUMFQ,603.6451
NKCEDCT9Y2YDXE7H,5715.399
NKCEBMDCG3PEZTHX,11257.755
CAGE53FSJHRA3SKZ,3761.3164
SNDEE5FM7FEKDRKR,3808.2634
CRTECN2QWM2RYWZ6,2684.5437
CPCEJMKVMKTJ3WHM,5270.7173
RNGEDAPTVZZTHMY4,5438.4897
TWTEHH2BXEHVZD7E,4137.642
SHOEGAJFAU2N5RUR,6084.324
TROEJF3VVVJHAGBJ,6460.5664
BRAECKHYM8BYAKHR,6356.896
NKCEBGJZEMQ4FK2F,2098.278
SHIE93F2DYWFVQNG,2292.253
ACCEAZCVJZFACTYS,1366.4299
CAGE4BQYUXBFXZVF,6274.4365
CPCEJMM7HWCNNGBR,4554.3633
NKCEAVZ3KGJFW6FS,10880.918
CCVE3Q2TBZRQYZSZ,679.4646
TFHECYGAREJ2ACWS,4985.7734
CRTECN2QTH5UTZFQ,1172.2225
NKCECXEAF6GMGJTF,6037.0312
CRTECN2RFMUGEFRZ,2248.637
NKCE8HVPHGWPPMQJ,2777.9614
MDYEHDH9HMZPANGJ,10403.846
NKCEBFWTSPVWSGXF,755.6236
SKIEG49YYDQ2QDKM,12991.564
NKCECZMAXJZH6XJY,8378.387
WRSEGHG9XGHVRSJR,6942.044
NKCE9G2BYZGJGASJ,3635.7412
HRCEGVM3ENRZXEPB,8109.46
NKCEBGPNHGQFQWSU,4240.1973
NKCE9YFBD4MBHHWZ,5865.208
CAGE4Y4FZ7H9JZTB,402.84744
MUGEGZUNY75RZUNG,1510.3016
KRTE5RNER2AGFGCV,2118.1016
CDSEG6ANKKXHFEVX,861.9631
SGLEGBV6ZYCNDR8F,5743.8125
CRTECN2QXZCWFWHR,3602.1292
ACCEAZCVWMCUN6MZ,1023.5282
KTAEHE9K8CQJMQCV,2517.6672
PBXEACG29J4ZFS5Y,2801.9592
PTLEHK3XF6HH8ENC,1113.6705
RTRD3849TERR75YB,308.88345
BOTEEMN6NM57HSBU,2337.5642
PBXEB34ZWNXHWUGV,484.0868
NKCE38HCHH7XVHZ7,760.3766
WATECGG4W76YEBUB,4332.5522
KTAEGX2WM2MBUSHJ,5562.7334
CRTECN2QZZACHGYQ,2168.599
RNGDVVYB6RGSAWRZ,3954.9714
TSHEHU5RKERGP5SG,4621.7217
MUGE8S9KB8DUER6P,4302.0884
BDGEGEGDXYHYAJQN,6360.383
BRAEAZEFXGVCTJJN,7758.741
ACCDQDYBZEQG6HPZ,7932.0776
CAGE6FYKT4NSENUS,4137.642
LBXEHYZYWMMQA6HT,5633.548
SHTEDWTVCEUBHNJN,7953.0225
RAQDCNWAGART9UVZ,3068.8145
SRTEGYXHGCTXUBD2,6821.633
NKCDYRHGDS3PFHWZ,1549.2104
RNGE86J7FRTSQWCR,5698.3643
CRTEA7HARUAWC7VG,2654.2207
PCSE4SFFZWMNJCAG,13729.946
KRTECQSNY3GFESAZ,1057.0477
CRTECN2QU6HG98UZ,2487.923
CTPEGGFSTGPEZEUZ,5284.118
BRAECKHXH8BU3HBY,6980.1865
BRAEE6YMMWFFJNB9,891.53033
JUMEJB3YYZM5HSPR,576.3624
SHODYGFWEWCG6S88,4040.6191
SNDEDKKXMX8ZGVQR,5865.208
PTPEY6JZGMWZF8H3,5930.025
TOPEH3KTNUUZHJEZ,3133.0132
VPAEHT6TNFR6FWTQ,923.78503
CAGDUNH36EAX85G8,5171.1416
ACBECFGT5ZWMXAVZ,9005.508
NKCE4CSZWA3EAF7G,591.0882
BRAE5RZ6UGSFD9HE,1022.84827
MUGEB7J7SPWJTRDC,1852.623
PTPEFMKUTCGZB5G5,2875.951
CAIEGP4YSZ4GNUV4,3840.1155
NKCDWBPZGZW7X3MH,4754.1597
SWSEH99SSMHCNFQ9,460.7575
SPWEJ8JHFG9PTDUF,829.93744
HMBE7G34Z5CGHWYV,1129.7129
CAGDTN27DEWJYUHK,865.42487
SHOEYVXVYAVXACCW,2802.4001
MUGEACY8CDCZTUMD,2845.4912
ACCEJR2FXPFFX5H3,5649.8315
NKCE5MEFYG3PUGXK,2620.8052
ACCEGZ66Z3SSJEGS,893.0265
OTYEHQ3FPHGKV36X,3808.2634
RNGEDAK8ZDN2J4FC,1255.3907
DREE74XGZFU3T8TH,2839.8003
CAGE6GQCCDSWABFT,3696.2737
SNDEDGBMM8UGED7W,2247.0813
NKCEDCT93M9UCFF4,3928.439
BRAEBYMGFCDFCEJX,891.53033
CRTECN2QTARWPXSU,4421.554
PBXEDDEFV2FSNH4S,17127.719
VESEGZRRFGMV9JRD,4509.4136
BBAEBSGBZHAAQNSZ,4404.8467
NKCEAFA9TT2YCXGF,747.1951
ACCEGYP2U9GYXRBX,3998.1145
NKCEYUVRC28U5CEK,6259.0664
SHIE9HH3AFF2GXZD,4166.1943
NKCE73V3N6ZSSGKT,961.4592
ETHEJG9FWZ7NZ3GK,6575.76
CRTECN2QWA68UMF7,4451.6045
DRPEHYHKJX3VJS4H,4288.2173
NKCECFGDJGFGXYK3,317.0047
KTAEHETWZZ5KEAT9,891.53033
CAGEBTJBTZ9HK4AU,1057.0477
NKCECKHYH64EPAVZ,3396.4995
NKCE9PFFUGQPHF3C,8301.302
BRAEDSGQVKFWUWVQ,8156.7744
ACCE8XZMD6J8HBY3,6424.3994
MUGEAGGKUQE2HYPZ,2148.2483
NKCE6GKJTFMH5P4N,3133.0132
NKCE9PFFZCSSMMYC,4813.742
NKCE9G2BZYKFA4UQ,2925.7
BRAE6ZCKBUYE9PTV,1774.451
DREE4DF4AD9ZZHEX,891.53033
NKCEAY3RNC2QTZXR,1137.7731
RTRDRDPR9JHCSBGH,6786.6357
PCSE4FKCZ23EPQFS,7932.0776
PBXEBJ4N3HJZ7R3G,2802.4001
LJGEJQ4MHZZTHGPQ,4245.713
DRPEHYHGNAF5UYUQ,4569.9956
BRAECVGYZGZT5VU5,1877.6741
NKCE7MMGPQTPZZ4H,2459.1294
TOPEYZ3FCMTYGPVF,5041.668
CAGDU85YG8UZE7MX,1857.8507
BRAE3TSHZWSBH2UD,4623.592
RTRD6FYY7B26SHXC,551.8484
WATDGFAQCFCVSJPA,8223.916
TSHEHU5RZMHH3AHV,5059.3423
HMBE7G33NPATJGH5,1054.6207
BRAE9RDQHWKAKP3V,7400.658
BRAECTFYJJNYCY3X,6879.4375
PBXEC8ASYZ7YS7EZ,558.3847
TOPE45NZKEMCDZXX,1344.492
SHOE2FQCMD3TAYMF,3229.1118
BRAECZZTSHGQZXDB,3376.011
NKCE9PFFKH97YNZH,4408.2725
NKCECGT3NM7QF8WE,6716.7236
CRTECYY4GWBEETBG,2448.5547
NKCEC8ANGCPBJRZ8,829.93744
BRAE8JUGDZBU9VR7,7555.1006
NKCEBUPHRGF95VC7,1549.2104
CAGE68FFZ2ZWZVHQ,441.0092
WATE2FAH5NM8VY5A,8670.225
SHIEHXZEFKZK3FSS,735.40076
BRAE6YVWZ6KH2ZBQ,2654.2207
NKCEF9GTBBTUSVTS,8670.225
BRAE3TSHYRVTD8GA,4426.7505
TOPE4VR5DXAHVAG8,4202.548
NKCE5YA94NVQ6TQ2,441.96744
TWCEJFXHKFKVGPV7,6137.7803
SHOEAVPFUVHJJRHT,2248.637
RAQDEHGUB5VZTC8H,2875.951
SHIEBZB4D4GDYYRS,4245.713
NKCDY44FCVDHFMHM,939.4379
AIREFFFUHNZVZQVR,6047.9175
BRAECKHYRHKCKCKK,8162.6055
RTRDZBJ5GRMDUZ8H,610.83716
RTREBTANEFURUPYE,6676.8447
NKCE7ZNGGKGZKEYG,362.3521
NKCEAKKRNRCZZDV3,4754.1597
FABE92NVEAZSZ5ZP,4421.554
NKCE9QTMY3BFZCQD,2875.951
LJGE9TGN9YHYZEEF,4088.6396
WATDNJVHHKXKVRGF,1618.5367
CSPEF6X75KQDJNF2,2024.7272
NKCE4VA49YHSX6KW,7932.0776
POSEJUA75X5VGPAJ,7185.172
PBXEA92SYTPCDYMB,474.35077
NKCE3KVS9DFHXFPH,3594.9053
MUGEBFGY49MKHHRT,2676.1052
HACEGPF9FDKV3EPK,5223.864
TUNE6BCYWTRKGGKA,8670.225
PCSEB3FAUUWKEPEF,8242.193
NKCDU4RZ2GGYUJGM,891.53033
TOPE8N3AF8HQ4GYA,5932.1494
PBXEAFRYZSFHZ2CP,1034.9097
CAGE9ABAQS8WKHHY,413.5484
CRTEJUA3CYHVYNHD,5649.8315
PCSE4V8GWTGYMVFY,5865.208
VASEG3YYGEKHXWN6,3347.8604
JEAEGGED6PZQCGTQ,1791.9176
SNDECRS4R3DV9QXU,6370.8564
PBXDT4FTQGZGVCNC,2462.7195
BRAE6AV3ZZQHKDCN,7770.587
CAGE8PKGBKNCYKJK,906.633
CSOE2V29ZTH5A3QU,3734.5703
BRAEAW9HSZNM5URR,1019.1075
BBAEGGYMPH6QYBFF,3830.4512
WATEHYVPGMHURTKG,2844.9048
PCSDY5AFGFAQNCY9,1297.0315
JCKEEAEZMGBEXQFK,5135.229
WATEYAP3S3TD5EMR,9837.357
SHIE8M9PWUF5H4SF,6725.213
LPBEJGFEZNV23SVG,1316.4009
PTPDXN7BGMQBZUTA,2651.6003
PAEE7ZWAGCXEKY8B,7672.483
CRTECN2QZHEJ6WJC,3150.0505
FABE92NVZGEQ4HY8,1953.1321
RNGEDAKEG2DV5Y5D,5915.209
JEAEGEFMHBQGU5NF,1791.9176
NKCEAY3RKEPGNWWV,3178.7039
BRAECKHYUPMRFRTZ,865.42487
PELEGTPGEMCWUGS8,3737.5786
LINEAVE2XKZNANN3,2802.4001
RTRDNGVMAKRQKH7Y,3026.3098
NKCEFG3D8UWFGKGE,2615.4312
CRTECN2QVUET9PQ8,2928.3945
JWSE346HBDCSUGR6,4568.882
BRAEA2E7XHZHG2AG,1549.2104
PTPE2SSXSTFH6HYY,4707.6597
BLBEJR22ZT2WUKBZ,8312.299
MUGEBFGFRPNWGQTD,1309.6807
PCSEDP3UF6EYPZZX,499.82004
ACCEGUY72CYWXAEW,4336.5225
MUGEACY8HGXBNPB7,3824.583
NKCE5VAAU2Y7ZW2Q,760.3766
NKCED53EQTZ6R4WQ,2462.7195
PCSDY5AFPWQBABVU,7953.0225
WTDEDGHHGDEPSSRR,17127.719
SHOEHEP5EWSGZ7XA,3150.0505
RTRECEYMHGP3JXFV,10046.632
PSUEJA2HRBPYHA6K,2373.489
TSHEDF3HADCJKGWD,3959.7275
NKCECGT3BZDXZ3ZH,272.71268
SNDE85CH2PN36BUZ,7932.0776
SHOEFVT74G5BYHDY,795.864
RTRDA4U7UE3Z7UMB,502.97153
NKCED6EXGZZKTGD7,3203.2239
PCSEAHJCVPRUPVHX,2096.6118
NKCDZFFRZEEMHAFJ,2918.4556
CRTECN2QVVTNPXXN,1000.06134
NKCDSCF3HNMXRCF4,6434.706
NKCE8JXSHFBBQDKY,3026.3098
SHOEF9G8CVWHRH5M,506.28806
CAGE2MACSYZCWHFG,294.85452
TSHEJT2R2XQJN8D7,6325.0938
PCSE6SJGQCXQGC6G,7311.9727
PLLEHQUGEB6D5FCX,4205.917
RNGE7W8T7MYQQEFR,1309.6807
NKCE96SXDYMGSFBR,1084.3682
BRAE3TSHYGDRV2UC,1289.8573
FABEJX2NHNKCYHKA,546.198
BEMEGFHSMHZYNZB8,7236.0
WCKE2TFF4ZYGXUMH,848.8942
BRAEDZ9GVZHWZ5BG,7800.7305
RNGEH3F2FAPU3TAG,1922.8336
CRTECN2QTPZCMCQD,2242.15
HACEJQ7HRGNBYCEH,4075.0308
CRTECN2QZMHEU2J3,6924.289
DKOEAWE2SCYPC5AW,7682.6787
ARPEE3YX9Z4QGJ86,2292.253
JCKEJNH2AZGKWGZC,4365.768
BRFEFY5BN9VHU27H,1693.4739
BRAECKHZWAGBVZXH,2701.7903
NKCE9HF3TENMYXZY,3060.028
PCSE4SFFJSWJZVH4,5417.375
NKCEBHGBFEVC2ABB,5569.797
MUGE7DUFEC3VUZMF,5473.875
GRKEG4UVAZTGYWRB,3884.8232
TOPE4ZKTSBAEXGFR,3594.9053
PBXEAP3SWFZRHZ6G,760.3766
NKCEB5BVMYFMHAQH,1172.2225
NKCE3HG8FDBHK5GX,3489.2515
SHIE8WYNYRHSFCRR,2654.2207
NKCDSCF3QD5EGFJ2,5307.1885
TKPEG27A7Z6JWK6Y,5996.9053
CAGEYFZW7F56GWZP,557.1445
FCTEJXGUNGMHANE2,7747.567
SHIECYFWJWCCHHQS,2190.3616
RTRD6FYYUQZJBY6F,3930.8945
PACEB2XNEBZTJZZG,1857.8507
SHOE2GUHSZRGGZYY,4559.2183
ACCED55XRZT9N2HH,918.0518
TOPEGVHJECVFBRMF,3269.1064
DRPEHYHN3MYJDGGM,628.86334
RNGDXNG3HGFQXGAH,873.8979
SHIED9AKUTQZQ5ZK,3765.7588
CRTECN2QST3Z947Z,3593.2366
RNGDWKZMKNTUBPSF,3283.458
DREEJY2NVHFG6GCB,2292.253
SHTE37DQJWSQ4VGH,5403.5757
NKCE9ABEYD53HSVG,4524.2744
JEAEHUHKMA8EGUUU,1247.2883
SNDEHZPDGB2ZT8ZY,4096.4014
CLTEGMUMJTPY4RMG,4754.1597
BBAEGJFQZTGFHJHD,6641.953
TOPEEERRTBB77BXA,5209.1514
NKCDWBPZQANZRF5M,3207.2295
PCSECV3FSSB22FGE,6263.3984
NKCE6WR3ZWHWKEPQ,1789.0428
MUGEAGGKQM37W42E,3443.441
SGLEGBV4QFHTNHE2,5076.419
LFHDQAZP4FHGGZEM,5865.208
CLTEJQ8FTCZAEPNG,5304.0264
NKCE6XU6DAWYHWQP,933.57184
TOPEBN32XAZ62CTR,3060.028
NKCEANMPATURDMHV,717.47656
PCSE6X3YCSZEG67R,17909.125
BRAE4DHZDPMTFZHC,7303.0547
HAREGG26GDJWFYMF,1660.55
BRAE3TSHWZREUJAC,1877.6741
USGEJPQHZHYZQHBU,6004.161
WSCEJTDHY9UHKP5K,9018.56
SHKEGNS9TWHJAN6Q,4504.9917
SHIE3FHYRRQGFFXN,4046.135
SCHE4YSTYDQBDYQF,2928.3945
SHIEFFFPDETWTWZR,2844.4639
ACCEAZCVPTGEGVMR,7932.0776
SGLEGBV7VGZM7BFR,12734.897
CAGE7BZ56MVQGKAB,1861.1989
NKCECG6ZH5MJT4B9,2489.428
RTRDZBJ5FZSU4AYZ,4302.0884
TROEG3VYGVSB9F5H,4245.713
SHOEHXFAM2NDZBHW,3114.9963
BRAEBBMQY9VZRC7G,6331.0576
PYJEH93NGYCXNNFK,576.3624
SHIE6ZSBHCNYY2CP,3068.8145
TSHE4DNGUCMVXYUH,8891.392
CLTEHE9FD2APDRWQ,4302.0884
SHOE6ZVUSR95HF6P,7921.6284
SHIEGPXGZTK5B3GT,5618.2017
CAGE2XC2HFSSQNSM,2168.599
SHOE2ZNGUCA4DHHP,735.40076
CRTECN2QXHEYVVTX,2044.5505
CAGDSNMD7GV2GYMH,1215.1039
SHIEC8ATXGYEJ4GD,4015.5095
CRTECN2QYASYFKGS,2337.5642
CRTEA7HAHHCSHCEM,4956.5156
WATEA2H8FTBKZGGG,18083.836
TOPE7T4YMXRK5BVG,668.7865
NKCEAKKRTHT8RNC8,3228.8496
NKCE9HF37STYM5KA,4302.0884
SNDEG6GXFS5RYFGK,10050.163
ACCEGZ65AEVGSGZ7,653.8392
SRTEH2FVVKRBAXHB,621.2591
NKCE5QSZ6FQSNBDF,2615.4312
SWIEHF3EF5PZAZUY,3026.3098
RNCEGBGW9PYRXNZY,5633.548
BRAEDSHQ6X5YYX6N,3048.2734
SNDEHZHVMR3XPBST,4245.713
ACCDX8ZVV2RCNYCY,1199.9575
SKIE83ADUJ28U8ET,1136.0525
ACCEJ6TEHCH7MCQ3,4302.0884
CBKEJ3ANRFJUM4TM,4316.3213
RNGEDAKBVC9TKFHZ,6076.085
MUGEACY82GPXUBAC,2540.3655
RTRE4VNCJZ3UPGQZ,3089.087
MATE49ATDVVEEEAN,5373.174
NKCEAVZ3EDVJNXMT,256.2524
PCSEBXFVZSYJKRCS,8604.136
TSHEBSF9NBDWJXZW,1017.3923
CRTEA7HAQQCGTPFU,3259.94
CAGE3FX7HWMQAPCG,337.52618
NKCE9PFF3WZAZZXG,309.13297
RNGE3YSW9ZUZWYQA,9801.729
PBXECWKZHWRCZZPJ,1622.438
ACCDXFA5QFCZZ4WZ,6558.17
NKCECYNZGHYQEFHY,4197.6924
WATEBYZGCFGUP9HG,2328.3884
PELEGPF7UHM3WUE8,5604.6885
MUGE9HRRWZBDVHZ6,2487.8452
PELEG5CSGWYFCFNQ,628.86334
PBXEBQGMBP2VJTSQ,2024.7272
PTPE4JYTPVYZ8ADY,5833.08
SHIE9J6PYVBW5ATG,2462.7195
ACCE5UKY6UXGVT9P,2578.0496
CRTECYY4DCRARYG9,2487.923
SNDE8VY9K2JGMJJZ,7386.8926
CAGE225HGFQ4VSSK,6361.001
SHIE7PD3EF2NCGBY,4302.0884
BOTEHZDGPGFHVQWJ,5251.3555
NKCE7MMGJSVN3J2W,4522.124
ACBECFGTRZCFBJZJ,6041.797
WATECYMJPRYH8D3E,5284.118
DREECDCRPFKFH6EH,4848.095
CRTECN2QVZFZWKQS,3805.3193
CTTEH9FTTMQQHD9V,784.4452
TSHEE4WNPAZGNG97,1898.5613
CRTECN2QVS6GJZHS,4404.8467
SHOEHYEXVYZRGMGJ,2883.2578
SHIE9FMPQBGXGTTH,3238.737
CRTECN2QXRVZAMUH,679.4646
MNKDZKF6WYMMF2M5,3157.501
RTRE63NMMRZ8MUJT,1162.4995
NKCEA8US7TNGUJPE,760.3766
CPLEHB7C7QYBDMTV,795.864
NKCEANMPCSWGRBH5,10473.518
NKCE8NDJ76XBRZ2H,1799.517
LJGE9YJHTJZCQ5VP,79.18108
JUMEHGYX4SXZB5K4,5735.9224
TOPE7QTUPGHXCBGZ,6340.049
JEAEGE5F2DTDJKCZ,2928.3945
ACBEAWCZBU7RZGGJ,3506.2188
PBXEACG2NG3RZZAF,580.145
PCSECYY4ZSXXVKFD,8223.916
SHIEBBWHC4YGH5GY,13469.284
NKCED7FPT2YG2GGS,3238.737
BRAE9C3HQTDHK7HA,2948.2178
SHIE7ZWAT8HEHBZX,5618.2017
WATE8H957FY57WCH,1388.0408
TOPEHZNPUWSFVHKM,530.94244
ACCE7B8NZXHA5ZV9,7303.0547
CRTECN2QVBDPEQQ2,5086.2305
HACEGPF9EMXPSEJU,830.04663
CAGED4CHGZGWRKEB,584.5519
SOCEGHM6JKRDJY33,8604.136
BRAE6ZCHDGWRDHCW,323.49725
MUGEAGGKFYCFTBUJ,4302.0884
NKCE7MMGKZPBQQS2,4244.843
PBXEBQGMSHJDXHKW,3727.2954
WADECHFGPKW3DHDX,4197.6924
SHOEG7NXNBF9PPJV,7447.0728
SRTEH2FVUHAAVH9X,440.75323
WATEYAP3WGHZZ3FA,1344.492
DREEAM8QTHGSDYJV,3377.2915
PBXEA4F5VFXHSCY8,760.3766
SHIECYFWYYZHU6NR,1237.2906
DRPEHYHJQNGXBZNU,3696.2737
MNKE75M6XXECTDK6,2222.0422
WATE9ZYZRREUHQN4,4221.384
WCKEGM8FGU9ZT8QG,1094.3577
NKCE9PFF3GCQYWHR,810.0226
BRAE9Y5V963WTTNW,7005.688
CRTECN2QWTEBGJAJ,4221.976
PBXE4RB3HNFDXGGN,2926.1409
PACDZTD7YB2EUMYE,497.44775
KRTEJNFUHUUXGPZT,4956.5156
RNGE87FCDRS5ZFGG,4522.124
NKCE5H4XW2PH6KFH,8045.994
CAGE44J5NGQHXMHF,9079.969
BRAE3TSHZRMGEHDM,3809.8835
NKCEANMPKCEZADTJ,4054.782
LJGEJPFEVY9GXNGG,6884.2393
BRAEDSGQVSTGKAYQ,891.53033
HMBEJCMHXNY6SVVY,2448.5547
TOPEYQHGTHDHSJNM,3594.9053
TOPED9T33BGVTQZS,5833.08
WATECDB6HPXBVXCF,4327.6064
BRAECPQ5HFH5NFAK,854.00604
ACCEGKXQ8XFPHC9T,4451.6045
CNDEGP52ABJZHGZY,1162.4995
NKCDU4RZXFGBQBBP,3594.9053
NKCDU4RZYKVHDKUB,6153.014
SUDEGGB3JXAEBFYW,1366.4299
BHGEGTATDSHFENHT,4897.0156
CRTECN2QWSVZAX9V,929.4333
BHGEGTAVWRZQTU6T,763.6031
MUGE5HG8FG7YJHMD,1011.9113
TWCEJFXHMSCXWE9J,6428.661
TOPE8ZAFZZ6YMGFY,4671.6406
ACCDSY8EGJPW7RJB,845.51
SHIE6ZSBHDEBFCGM,3602.1292
PBXEDDEFTWAW3HCU,449.73422
RNGE87FCDWVPDTKV,3463.714
NKCDWBPZVFY7H9UY,2801.9592
PCSEE4H5CYRKNRZR,630.752
CCVEFX3Y9DFJVJUU,4054.782
DREEFJ44EBBUEKKY,7085.959
TSHEJUCY9HGZMKHJ,5223.864
CRTEHSSCUCMVN7SP,3377.2915
ACCEGZ5PGHCDZTNY,3587.4548
KRTEC89PH6PVAQDT,1366.4299
ACBECFGTGENHAGDR,679.4646
CRTECN2QUSZGGH6Q,4814.414
SHIE45Q6SJGSMHTN,3114.9963
VANE3KUFNUEGQNKH,6361.001
MUGEBFGFM83MRVN7,2241.2993
PCSE6SJGYMZB6CHV,14920.139
BRFEGHPHWBTHAX2X,12189.867
TOPEB7BFCW7YG7KG,6844.4404
MUGEAGGKJM5GUWQH,5423.5947
NKCEBFWTSMKDQZMR,617.03625
WCKEGGN2J66F3KAF,5284.118
NKCE49ATTPYAPNWB,6173.6875
BBAEJKEC2HXUHKQE,4091.8088
BEOEH25NTUDGG5TT,1029.5879
NKCEBUG2XMBRJDGV,572.4253
MUGECEVFKZHBDRWM,3529.507
CRTECN2QX6RSYSRG,891.53033
SHOEH4GRSUBJGZXE,1144.129
NKCEAGXHHAAGNS2H,4405.4946
ACCE3YFFWB4HHHG2,2802.4001
SHIE6ZSBWSCTKVTQ,2118.1016
BRAEAQMANF5GRRDB,8977.372
BDSE7WQ37UVSX7SK,3982.3013
CRTECN2QUT9HQH2T,618.59973
PAEEAMGFVDHGDRG5,12832.476
NKCE5W33KFFZDSDY,3524.677
RTRDRJF8GJ5AFZTG,2412.332
WATDA5ZAXAP2VTGQ,12614.664
MUGE8NZC8ZHZPNFF,2845.1807
AIREGYYZRAPHRFGD,7299.075
PBXE68H4HF9ZZWAB,10199.616
SNDDXFQHUDJDHZG2,5438.4897
PCSE4VAVWZZECB84,8524.548
CRTECN2QVCCD9PHT,2701.7903
NKCEAGXHSCG9YHAY,2878.1304
NKCEBYWTBUEBCND5,4522.124
NKCEBVFYZHDYZGHD,4302.0884
SBGEGE6TNPUX8STE,829.93744
TOPEFCVHACWGSVHY,4735.9556
SHIE8QE6RMNSGPAU,3179.6372
TOPE5F53Z6W4V2CP,2920.635
BLAEE6KTGFDV8NGP,7898.165
TOPE89H8PCWMHBCP,5482.571
NKCE9ZWYZAEAGVAK,4302.0884
DRPEF2XSFBAP4SUZ,4904.47
NKCDYHF8ZEK8ZM58,3068.8145
SHOEGRUNZPJDGG2Y,4163.4126
JEAEGFMZ7SGJWBR5,5347.802
BAREGGF8JSE3HTF9,4814.414
SHIECJ45TFDT4EPB,2676.1052
CRTECN2QXUBGMWSE,2925.7
ACCDVPGKY3GBDB5P,6344.0986
CHGEJCWFY4HFYVZ8,1289.8573
NKCE9YX2HGNZSZRV,11667.723
DREECJD8CZDDUJNU,3988.5571
PCSEC86VEBNYKRB5,9593.616
NKCE93H2ZTHJGFVS,2189.5156
SHIE5HBGDYSHVA5R,2248.637
DREEDVHXDYJCAEBP,11441.497
VLBEGFFEMY8ZFEMJ,517.39594
HCSEHGV96WXQCBN9,4771.238
NKCE64Z489PQN4U4,3114.9963
NKCDYQ3RPPERYA9W,4522.124
NKCDYRHGP2UFXMT7,2999.6917
HFCEGNQBS8P8EDHZ,5136.2275
SRTEGWKHXHCF2TME,6695.5757
SOCEJPT5ZR5ADJA5,8475.918
BRAECFAREVYWQSQG,992.07086
SNDEDTCXWCGDH2HA,5654.199
GLSEHPS7UYJVYUTR,1076.8711
BRAEBBMQWBGB5ZFQ,2079.1357
PELEG5CSGASSHHBK,784.32904
ARPEE3YXEPFNJGUZ,7087.5693
RNGEDAK7ZDCDHUZF,12354.618
SFFEGG74CMKFQVHF,3026.3098
NKCDTAXFQMHPMUTQ,7136.1294
CAGE9ABB78YZUHEQ,8604.136
NKCDYQ3RCVCSYD2E,2844.9048
BRAEBUHYHEYKZKHK,7148.9795
WATEBMY8HWCHMZZ5,4208.438
SHOEBYWT3QBBAVXJ,4904.47
TOPEFGG8TJGJ7QDT,4985.7734
VANE3YXDHDRWR9FU,6848.047
ACCEGKFHHFX5B8HJ,3587.4548
RNGEDAPSZFBHAGJY,4568.882
LJGEHFBTFDGHGGWD,3136.1992
NKCDRDWAZU9ZJNHZ,4259.965
CTTEH9FWFHGR9EPK,891.53033
BRAEBXRBH28AMHPF,7932.0776
NKCE7MMGPQRJ3PEH,2654.2207
BRAEB9SJUP6T68FB,2925.7
MUGEAYHPFEWRVJH6,2222.0422
NKCED6EXRYZV74VY,679.4646
POXEHPSHDKBCTWCF,4848.8564
SWDEJWDGXNYEXPXF,2412.332
PBXEAP3SVFJRZJK2,3633.2922
NKCEBP8AQZGMMWT9,4771.238
ACCDXH5JGXMTZFTZ,7386.8926
CRTECN2QZUD25VFN,1548.9038
BBAEC897YCBZPV8H,6716.7236
PENEGGTYTYGDHXQK,4824.937
NKCDW898UNJX5BWE,4494.109
NKCE8ZJ2643HGFYQ,6334.664
PWTEB7H2E4KCYUE3,582.89874
KLSEGTBQ6PSU8NTG,9240.485
TOPE7QTUDHZZZHVS,3347.8604
ACCEGZ6BY4ZPBWWV,742.0753
NKCEYUVR3MHTVGGJ,10814.246
NKCEB2S9CGCM3CCQ,3463.714
NKCEGGEKZXHG2ZGN,6037.0312
CRGE9667SJM3Z4PH,1023.5282
LBXEHH5WRYQQGNSM,5438.4897
ACCEGKFHRM4ZGYZP,562.9839
BRAE4VPRPHT9SYZZ,1309.6807
SHOEBDTHZDHFPHHG,4470.959
SNDEJGYFP2AT3FMH,854.0434
CAGDW63HG5JBCVGA,603.6451
TOPEBBGNQEVQZ2W6,3894.7236
TUNE6VK2GCBPBYFW,922.1622
CLTEGMUMNQXUEHHX,6273.253
PTPECA2QYCZH8MBV,2999.6917
CAGEBTJCMAJG7NW3,2578.0496
SHOEDHHSRF6FMWGA,1861.1989
NKCE9Q93AZYXVKYN,6844.4404
PCSE2ZMUZH9PARZZ,928.16034
NKCE7MBRM6JAPEAX,679.4646
CAGEBTGEHMQUS8NH,6274.4365
MUGEBFGFRUMZGKNN,2238.8098
CRTECN2QVZZS3FER,2001.7224
WATDJTR93NB8HHQC,7186.892
ACCEGSAZPGAHTHNH,4404.8467
NKCE73KHF8KTYMRQ,3552.4006
TSHEHU5RW2VDGFKZ,5482.571
CRTECN2QUHGUJNDZ,3114.9963
RTRDNY65WHG9FHTS,8232.711
SUDEGGB473ACY9MF,478.3877
SHOEG7NWGF93MFVT,3079.582
SGLEJJ6HEU8GVW4W,1057.0477
MNKE5YG7USVVTPCZ,2242.15
LNGEBDTBGWTXTYWT,4522.124
SHOE652MJRRMFBEF,1898.4994
NKCE87C3C9QYYBTM,4814.414
CRTECN2QVJBRMHRN,2844.3857
NKCECPQAERMCV6YM,1170.939
SCHE82QGQ2XPDCYM,3641.257
TOPE8ZAFY82P7AGT,835.59546
RTRD4KY4UNGYCZFG,7726.376
TOPECRP5KCUZWYGA,3133.0132
NKCEBFWTHMVVNRDP,577.0593
CRTEA7HA7X3CW7YQ,3418.5156
NKCDXHWZHPXRF28E,2844.4639
TPYEGGGZHDFZWZ2X,1309.6807
ACCEAZCV9DGDZDDD,7770.587
CAGE7DUYEYWSYGBY,818.55597
SLBEG68TKWYVGNKT,6785.4404
NKCE7MMGWBZPZJSZ,2118.1016
NKCDXHWZGDPDJG7X,3917.223
CAGE8XYYGMRKRRCH,7747.567
PBXE9FEBPXAKEYAP,9505.626
CRTECN2QZVH3J8PV,3765.7588
SHIEC8ATMHEWET32,2878.1304
RLRDY36SXZNHEQWA,5809.2896
CRTECN2QVP7WKETJ,2093.778
NKCDSCF3PH6MPP5N,2654.2207
BRAE5PKZ8QXFHWGK,1622.438
NKCDZHF7TKGY8BAX,3463.714
BRAEA8YRRGJJWVHB,1754.6277
CAGED3YQSJXNZRJF,4046.135
CRTECN2QZH9J6EHK,2995.2534
PBXEAT5YASJRMNG7,1338.7701
SNDEDGAFFSHFKZN2,9735.893
BRAEBXRBYGYKC76H,7602.378
VANEB97UCYGMNHRY,6672.206
CAGE9ABAPMTWEJGH,4762.25
TOPE8E8NJXHZ4S9N,3958.3867
SKIECYAEGGB8EPWU,5729.994
ACCEGKFFSRRVD7Y8,944.8494
NKCEYGTG8H79NJYY,6137.6055
NKCE5V95W2BFNBCZ,2839.8003
TSHEHU5RTMMTFVFG,5633.548
NKCED6EYRDRJKTPC,12094.095
SHVEGZUHGVYZBRW8,10276.1045
NKCEA5FHSF4NWKBT,161.21782
ETHEGMHHGGCXMSYA,199.60013
MUGEACY8U2HXTXZ3,3552.4006
SHOEC8QG3CV6YYDJ,4405.4946
BRAEBUHTPZGHB6HG,7303.0547
CRTECN2RV7NHG8XK,4302.0884
TOPEFGG8FEQUZSMS,4883.0146
TROEGZMRNERWAHEB,784.32904
SHTE7FR4YZZ77Z9Q,5961.655
BRAEDZA3KZVHZZHZ,1857.8507
CAGE8X8XGZGQGWVN,3953.7612
VPAEHPYYFKG4NG39,3810.8352
PTPEFJHG6SUSBPG8,4883.0146
PTSEDAZU69CBFF2M,4889.629
BLAEFNHBFWEXG6YM,5543.9927
HIFEB7J3RCFHZ5DB,6334.664
BRAE3TSHZWH8YWED,2313.8755
NKCEANB7H8P6QY4K,1774.451
CRTEB774Q8HJYPMB,4559.2183
PCSDYQEVGFZSGRQJ,971.00507
BBAEJKECZ2ZNAUZQ,2035.7242
BRAE6HUHPGFHGEER,4396.854
NKCEFMZUGH4NG7F6,2612.8284
PCSEE4H5ZCFWZZRZ,1804.8917
BRAEB96BZWFCDVY3,9079.969
SNDE95MFPFPJ66M6,2878.1304
KRTE9JEZ28H4ZWM4,1192.5881
CRTECN2QUTVCTHHS,4851.082
CRTEJUA36GHKGQEY,2292.253
SUDEHYGUMVVYKJCW,3619.223
WATDUNJ7YKMGG9RZ,5747.708
DIAEJUCEZNKKK4FK,2620.5542
SHIEBZB49VZZQRKK,3633.2922
TOPEAZ88AGF3KJHS,1433.729
DREECR3HFXYFPHD4,3696.2737
NKCE8SESAZ4K8HZC,4159.3057
SNDEE5FMQ5YQAKMZ,5066.382
RTRE9N5GJGJ2GMRV,760.3766
WATEBNXNMQQQFSQG,4302.0884
SNDE3E6YB6AZJDGC,16099.971
SWTEAW3STNNJSKNP,10836.44
NKCE7AGZQB7Z7UFM,2578.0496
WATE7VE2MFQWBF4H,655.3096
PCSEDCWJBHDR9EYU,970.76434
WATDZ2ZQHSAYJPWK,8654.213
DREECJV2GVFHGQB7,6733.8574
ACBECFGTZHFZ64PN,6215.222
BRAE3P8YHGJF5WUZ,2612.8284
DREEDVHXSAAZSBTZ,2222.0422
ACBEB3489M4NQZBD,4754.1597
EMSEDSHQ3VU6T8Y2,3506.2188
SUDEGGATDVCMWGGH,4362.99
PBXEBESSDYBYUGXT,8731.603
ACCEDFVFVMKXJGGG,5930.025
BRAE3UG9P8GJXZ2X,3421.4443
SHOEJUQFQURGGFY4,1309.6807
SHIEJYHMR7DUKT8W,2844.4639
SUDEGGATJKZYUZUP,2263.488
RTRDZBJ5VAZG7VGC,7338.052
RNGEDAKBZPHKHGCQ,6460.5664
BLAEEH2ZJ3G9DA7G,6173.6875
SHIEB468NVUG5HMP,7348.165
BRAE3TSHZQDVSGYY,4342.724
PBXEAFTPFDK6BRHK,760.3766
TKPEFT4AD3ZQZZHN,6461.75
ACCEGYP259YXZJ4H,2242.15
RTRE3KKXMVHMRQ6C,509.50784
NKCDXYFHHPBSYJDZ,3730.7495
SHIECASQHFWX59GJ,3087.504
TOPEGQKDATUDJTAG,5622.988
BRAECBDFZAEZYD2Y,891.53033
WATE4S5RZ8P5JZHZ,10814.246
CPIEJHF6GZEM7SPY,6074.301
CRTECN2QVMFZFNGC,2701.7903
SNDEGGRYTVYGPR6F,2459.1294
RNGEBPU7PG8W88TV,10085.152
HMBEDCJHT4FCFKGD,7585.244
NKCEC87S2ZAZBYAR,2915.3914
NKCEC88C4GV4UFN3,5364.281
SNDEA42M6GZNV7M3,6879.4375
SGLEGBV8BENMFZGH,1622.541
RNGE7M92PHFGGBUJ,1034.9097
BRAE3CYXV4JGWEDA,1289.8573
CBREGYBXZKY5VKSK,749.0838
CBKEJ3AN6GEACKYR,10247.9795
TOPEBR5GNG9MACAD,4362.99
FABE78FYGHF22FNE,6762.585
ACCDX8ZWQFTTGZYK,11083.6
KRTE39Q4GVHFHWZV,5286.037
ACCEGGBTG3HMNHNA,3917.223
RNGEGMMBCJGQGGEF,10400.779
BRAECTFYVHHKMV9H,6026.142
NKCDU4RZRCYAZHY7,3157.501
BRAECFARHCG7P8WT,4560.787
BRAE3TSHZ2XFSNUT,2928.3945
JEAEFYQHSR7BWPG9,1277.7987
WATE3HFNMGVTZEDS,1570.1404
SCHE3Z7Q3TSVYMRP,4568.882
DIAEJUCFHWGHUQFP,2802.4001
NKCEASN6TXJGHZUE,5837.0405
WATEYAP2ZFEV2JKG,4422.3584
AVCEJCHCDNFTHSQC,5223.864
FABE88MH3NGH8MUD,3000.7656
PCSDY5AHFNSPGSV8,4241.502
BRAE785RYFT8WTHK,7185.172
PANEJQ5YHAHQYD4F,3552.4006
NKCED6GHCAHTHNCZ,9593.616
ACCDVDC8S5JWEE6X,6079.328
RNGEDAK9YXVZV6G9,5223.864
ACCEGG9V98NCXGPE,4420.873
ACCEGH6RNERXNQHW,467.28458
BRAEGP6SFGYKNNCD,6315.9844
RNGEBQZQGQVJZEHC,5223.864
NKCE9G2BGNV9RDXG,3026.3098
TOPEYP876AAGE9NC,3593.888
RNGDTBQTBEMPDBMB,4956.5156
PCSEC86VVTQJN5AQ,7087.5693
NKCECZG4EYKY7XEH,2392.5088
PBXE5YGWHMS88ZBW,2999.6917
NKCEDCT9CFG3HCAQ,1771.4495
NKCE3Y5PDN4U66HC,6781.834
NKCEANMPKCDG8DRP,9590.567
RTREFDXTZ4GGGAEX,2844.9048
NKCE5WSJTFZWUWBV,4883.0146
NKCEB3GZSB8GTXCT,3594.9053
NKCEA5FHBGJ9JPFY,325.02686
PCSEAN2WCFR4FXVB,1113.6705
MUGEAGGKYWKB6YGX,3998.1145
RNGE7M92HHHRXZKG,9220.958
BRAE8TFMPNB5GSF5,2079.1357
NKCEAFDAZGYPTKGF,7434.571
TROEGZQHT4UCZVKV,4103.0024
PACE5P38T4FEUHZC,2118.1016
NKCE8E6YSG2KQEGD,2972.748
CAGE8PKGGGHUXMEN,376.38104
PBXEBJ4NUDH3PXZY,12018.284
NKCEA5FH8FXQKFAG,3387.1787
VLBEGZ7SZTDCNGTE,10844.66
NKCECZG4HNVBZRYY,1080.6871
NKCE9PFF5XE5AJYU,735.40076
TOPECB4EZYHC6C3B,2900.1975
TOPEBW2YNZX56YAK,4956.5156
PCSEAKVBT8SMGNXV,1248.7864
MDYEJF57MVYHRCUN,5543.9927
FABE7B2FGV9CDFZH,586.4065
NKCE89MSGZ7NVZ7D,3157.501
DRPEHYHH78DZHUZG,496.75995
NKCEDCT9HMYQSMGV,2926.1409
NKCE7H5KZTH3V6AF,3683.7617
NKCE2W3WYHE8SCJD,5176.8096
NKCE9PNY6Z8VKAQY,6370.8564
FABEAJUHWGPHZUGU,7345.5547
SWSEBS2UXYZBSY2Y,4502.2686
PCSEC86VA2HGZGXW,5158.5234
BRAE9Z5TFXB7466Z,329.30432
LSKE99UKDTDN7HBM,8867.613
NKCEBHGB3FZSR5RH,9127.569
TOPEHZNTFAHEZMQA,692.50073
PCSEAYRTZYDSPGMB,7699.9814
SUDEGGAUR7EGNEQ6,7565.698
TSHEB72FPCF54KZU,6724.0293
SHTEJGESKVEMGRYR,763.6031
SHOE2NKQ4NXGAMYX,3684.1829
BRAE3TSHUSSFTGHN,7389.4043
NKCEAHPFWCZQQBAG,3060.028
BRFEHTTQHPRGKZZY,4973.1865
BRAE2NF6XZZJ6EXG,2764.2751
NKCEYUVRNDSCECZR,2802.4001
PBXE84AFK5C9NMYV,4559.2183
SUDEGVG4VNMYZWXT,3026.3098
NKCE5W339WJ23R7Z,2802.4001
CRTECN2QUBGAGPCK,5766.643
BRAEGG4P8HYHRAC9,3996.2764
SWTED625BMZKJXHP,3000.1658
BRAEB9SJZKCAY5SY,3684.1829
WATE8E8PCQJAQNAP,9154.869
MUGECJZ2AHNZ2JHS,3860.1497
PTPEFJHGGFH7GA3Q,3917.223
SHOEH76627H5HRHM,4522.124
CAGE9ABA6MTKHCNM,577.0593
CAGE5NGBUYYEVZ8S,735.40076
TOPEGH27GZK5XG7P,11568.955
JEAEGFMNENQ9G6AN,1152.3992
MUGEBFGFYPNW7GQ8,1857.8507
NKCECYNZGPXQ6HR6,3917.223
RTRDB8GKEGG5E3XG,3075.084
NKCED6HQP5QHVGGP,899.2712
PBXEBWY3QC5WCPHS,337.06104
NKCEY8KWTM9HZKDJ,6848.047
ACCDX8ZUCDGVWWWB,5167.004
CRGEB5MNWY2XSW7T,6273.253
PTPEJPZSEFCE3CZW,4754.1597
RTRDMTEPFH3EVUM6,361.1797
SHOECQQFYNSCRFBR,2620.5542
PBXEBQGHT5PYSDHM,735.40076
SRTEH2FF9KEDEFGF,3403.8518
TOPE75N4JHUJCF2H,8742.452
VAFEHQZYGH5HRJJP,625.13605
BRAE3SGZXAPZKGDK,1766.3097
SWDEJXHARNREQZVK,5553.385
SGLEGBV5ANNWWFZX,8933.702
SHIE7BZ9CHKNXZJU,603.6451
BRAEE3RMMRRFQ9AD,2875.951
MUGEAGGKYSMHGRMH,2316.3652
MUGEB3GZ4ZYHF24Z,2044.5505
CRGEYZ5FGRTYJUT6,6173.6875
TOPEGHZ7ARZWUVFS,1857.8507
CAGE8PKGXDZFUTHH,2948.2178
ACCEDTNRXHXZKH4G,4588.324
CRTECN2QZWHEJRGA,6137.6055
PCSEBZQ5GMBXZFCF,1287.0375
MUGECEVF7HGA3QMQ,3633.2922
NKCE6ADEUEPXCHHK,2292.253
BRAEBBYRZKNYWP6G,1727.7177
BBAEGGDE8QWHDEYB,4147.402
HOKE6KZCEZJFHQMY,4902.422
BRAEBBYRXQSD8NZX,2165.7244
NKCEBF56FWWZ35HR,6428.661
MUGE5HG8VVGMBN5M,2845.1807
BRAE5VA9GBGW7M7K,1057.0477
CAGE7TVZ8PH9GJQU,9549.612
CAGE9ABATUHJ8G4X,10315.471
MUGECEVF4WG8JSZ9,2682.961
PCSE4V8HRKQH5A5V,8670.225
NKCE4VA4FAZ7FTFM,307.35385
BRAE3TSHPTKBVBHK,7028.0303
ACCEGYP2FYTWVKUB,1622.438
CRTECN2QYKPMZGNZ,2612.8284
NKCDXEGW7APJ97YS,3824.583
NKCE9ZVGJQNZWRN4,2222.0422
HAREGG26DYDGEYRH,4595.874
DRPEEZNFGG9J9KAV,1054.4329
MUGEACY8EWA937QD,4116.801
NKCEA5FHZSG4SVZP,4245.713
TSHEHU5RPEPPZW2R,6085.382
TSHEGF9S8MT2MVYV,2845.1807
SUDEGGB4ES3XZCKP,1025.499
SHODPH4GEYW54KMT,6298.828
TSHE4F2GSWVGKG4D,6263.9365
SHTEAGGFBZGZMFCF,4676.4956
RNGEH8WN5KNHEFWJ,4288.2173
RNGE9HDPGG8ZHUJZ,4245.713
PBXE9EJKVEFQQTJH,5403.5757
NKCE4PZ6EPR4AKZY,523.4498
TOPEHTU46JAHMV33,4522.124
NKCEBFWTYSW72YJK,1774.451
RTRDY9NVKBBNGYMU,328.70682
CAGE3GFTKFNDSUJY,7770.587
DREEAEB8XNSACHQB,4754.1597
BZREBXM8H66HR9CX,4040.6191
RNGEGMMBHHARCJ6H,1599.291
SHIE3QDHFYNWATPT,7682.6787
MUGEBFGFYQPGRQ7Z,3203.2239
RNGDTBQURWKKGMZZ,3830.4512
AIREBA9VGER68DFH,6541.7827
SHIEB7957MQBWGV3,4015.5095
BKPEGXYVX4CG7UWX,6079.328
ACCEGZ6BBHDP23K8,4372.7144
CAGEBPNU8TKUG6NM,1857.8507
NKCE92XFXH9HH8BT,8232.711
NKCE9GR9GFMQ9TNZ,4754.1597
TKPEGM48GGD2QKZN,661.29395
BRAEBP5JJA24D2YS,6148.9683
CAGE6FYKDHFFNFHG,7507.8945
NKCE9PFFKZWGCJMV,2021.5458
NKCEC87RGJPXNK7P,410.93384
SHODUMFYWHFYZRPY,3269.1064
BRAE7DNYSXZSXG9S,117.03282
SGLEJJ7HNYDPKZ5P,4664.226
TSHEGMWZYCTCDAAZ,7185.172
PANEJQ54895A7GHS,10400.779
BRAED6C5RRZJBRNP,6738.3994
PCSE4FKCGZNGNHFN,5284.118
NKCDRDWANFDGXSSK,735.40076
MUGE9P6DPPNA4TUS,4040.6191
CRTECN2QZ7DHY6GV,2875.951
BRAE6FMZTRTKVXU6,1389.6284
LEAE8UKZFQRUTMAG,2993.6704
SHOEAPCYWEAFSFU5,4105.2793
SNDE5TY3KAETEZVX,8511.171
PBXEAFTPXKDJHHYN,2928.3945
TOPEGWURCXSZMQ6H,2801.9592
NKCE9Q93NGS45HGG,7241.367
SNDEAYZZWRXJSFWH,7290.3604
NDNEJRAPFDZ3R2HG,1172.2225
PCSEDP3UUPFTQFCU,7087.5693
ACCEGH6SPZF3AHH6,4362.99
NKCEASN6ED2AZSGJ,4476.162
SCFEFTYSYX8BTZ4P,5088.2266
PACEAYZANXQFKGZ3,2098.278
RNGEDAKCZHXRBG9G,6558.17
CAGE4Y4FXXUZS4ZP,7672.483
WATE7H4UYKQP363Z,11083.6
CCVEFX5JZHYKHHHF,362.3521
CRTECN2QSBAQ24DZ,5162.2114
NKCECHX4UCYT4MYX,372.91916
WATDAZPXK8FSPGB4,11376.356
BRAEYFDEH7WZVJVG,1000.06134
PACE43HFHCYGHYFK,3998.1145
SRTEGUA8AG9HYTAH,2727.7715
RTRE96W36WAJHRCF,2489.428
RAQDCNWAHJK9JNUY,673.2207
BRAE5F3KGVA8WAJH,2651.6003
WATDZ5HGDFYKXHYT,1791.9176
JCKEJNEZZ2RFFJS5,5854.6484
TUNEAUVH8G8ZPGYC,8356.87
SHOE44ZFTHMTAB6C,3594.9053
BRAEE6YMGMKH7DCZ,7932.0776
WATDGFAQBJJV2TTK,8793.021
MUGEBFGFYM5T6KNW,2268.4602
SHOEBG6ZS2YREWHD,4754.1597
PCSEAKVBBGJAZTHM,875.4295
ACCE73VFWU9JYKEF,2878.1304
CRTECUWZDJRHRFNK,2701.7903
NKCEBHGBYC9ZH3ZX,3765.8987
NKCEGMUCHG4CKEGB,5775.6533
NKCDXPZS8AZMWHZB,337.52618
CRTECN2QZFVWFX3S,4819.201
RTRDW77Y4D3QTBUG,351.94974
NKCEA4CAWGKJ5SBV,1690.1617
CNSEHF8FGDHAGGGR,6331.0576
ACCDXH5JHWBCNQQ4,3155.2034
TOPE4DS8VQC2KCD8,854.00604
BRAE7T3WRRVYQQEG,1133.6204
CRTEB774DZGQJXV8,1490.4783
BRAEGJFXWMKWGTG5,6470.4043
TSHEE4WZVGVAMRAP,5746.3945
CGCEEFZSURUGRCUG,2343.5261
NKCE6NHRZA6ZXMTZ,4986.7876
ACCE8XZMDHKTDDTY,5805.3706
TOPE954FVTRCRXUN,4587.8545
TSHE4S257WYDXMMX,6821.633
WATEHYW2GJW9SZYZ,2578.0496
RTRE2TYN2XUPCEVH,2222.0422
WLKEEXSVZWZHJEZW,12094.095
BRAECKHYDVMUMAKF,891.53033
PBXEAT5YDFMUMHGB,760.3766
SHIEBG6FHNFZ2TFP,3068.8145
SHIED3RY2QZE2EWM,3390.365
CAPEJZVUAZAEGXZ4,4680.6587
WCKE2TFFFYHKUM68,5646.892
NKCECJPC5HBBSFKZ,2578.0496
BRAE7NMEGDDHG3EX,1766.3097
ACCDXFPYVJCMFGET,1073.3666
FSEEJVNPNZHCXNNK,1622.438
CRTECN2QZ4NY4SSZ,4302.0884
NKCDYQ3RYDG2GMZB,5958.4624
SGLEJCHSWBMHVVNG,5196.962
TOPECCNVM4SN9F9C,6781.834
NKCE74XGF3PPAZ3Q,424.24033
WATE5HFYXEJRCTHF,4632.741
NKCE8V3ZHGGGHHDH,7364.466
PBXE9CVJ6G5NAQFH,3593.888
CNDEGVE65UWDPCYC,4568.882
CRTECN2QV9AZBYNG,2264.0134
NKCDU4RZPGSGYY4Q,4240.1973
NKCE9YFBR7ZAMBNJ,1182.0365
SNDE6W34GVRVHWQQ,10435.672
CRTECN2QZCGZSGK8,3060.028
BBAEGFHEYYMKHFZR,3081.622
WATEAUABHVPGRBAS,617.7555
CRTECN2QZVUWVHZZ,4404.8467
ACCEGH6TMFNCMYJB,3579.2852
PBXE9WEVHF3ZBQHW,9011.475
WCKE2TFYWX9QW3YC,4554.3633
BRAEDTNZZRXBHZGZ,2015.8275
BAREGJ8B2Y3TPUWH,7601.8906
SHOEJCKBGJGZQJHN,1754.6277
NKCE9Z2JQGBBSMTM,3380.935
TKPEHGWYVVXUYCFC,4611.386
CRTECN2QYGNYMVY8,4365.772
CAEE9Y64FBPZJUUH,9011.475
ACCDSY8EMKXZM8EW,8273.28
CRTECN2QUZBANWHU,6077.989
SHOEDH9AS48SSFBT,3203.2239
CRTECN2QVV8ZGNWK,3930.8945
NKCDU4RZ9HWVUHGW,9585.612
SNDEEFTGRRUZSFGJ,4814.414
NKCE8P4V9ZQCAYZN,2731.6829
NKCE76TNSYX6ZQ9Z,493.0936
CPLEHB7C7ZJGHEQU,3238.737
SRTEGWKKQABUMGFA,5382.4834
NKCE38HBTZXEXXUG,5405.4614
SHIE3QDGUEGVZJZ8,5016.77
NKCDY8S8ZPV4YA9S,4197.6924
SHOECXPHZSFGQEZZ,8567.049
RNGE88FQ5SDTSFY7,4754.1597
NKCEAP3S6G8ZEGB6,2459.1294
JEAEHUHKEAEUXSRQ,4038.781
BRAE8WPSG4FMHFXF,1490.4783
RTRE9JEGMXHZ5RHQ,5086.2305
SHIEYSPPPDGTSGFX,5375.509
SHOECJD5WVAGAJEH,611.3209
WATEYAP3FEPWZ8MH,7084.6113
DREDRCRHDXQNK4RB,5483.7383
TOPE7ZHZHT3SKKMN,4956.5156
SNDEBBK5Z6KUQZZF,1037.1155
WATE2RX9HHGBUQGA,7656.461
WATE2HX6JQGRXSEA,2392.5088
NKCEDCT9MZNZ7D8B,355.33398
SHIE8HXEEX69GA9F,3552.4006
DREDYSNRZGBFFVQ5,5136.2275
NKCEACYSTHNBFPM8,5715.399
SUDEHYGURKV9EVVS,6037.0312
BRAEDQDFPNUQGUVG,2024.7272
PBXE829GJ3ESYYMQ,3664.3596
LJGE9TGNUKM2UGWC,5715.399
MUGEBJ7XBXMRUHQC,3026.3098
BRAEB9SJMFKF39ZW,1121.1967
RNGE864HPZG96WNH,3552.4006
BBAEFYZ9HC3R7CSS,5304.0264
CRTECN2QZZHZH8H3,2024.7272
NKCE49ATHBGGPBDM,2654.2207
PBXE5ZJZBKZKFUTT,9906.826
SNDEGGQ6T4W8ZGKH,13179.838
NKCEANMPQABUFANV,2847.074
CLTEHE9FNVRTJUGS,2926.1409
NKCE9PFFJHGX23NG,1267.455
NKCE6KGHUMC3DZNK,5961.655
NKCE96SXSGHZ3GZA,-8.196829
BRAEBUHTHHJDHGHE,7087.5693
SNDEGFJQBJWUCSHS,7584.6846
ACCDQDYBPHVQ9EFC,7898.165
PBXE84AFH8Y5KECY,1510.6083
KHREGSDWQZKZRY3J,5223.864
PBXECNFSCHBSHZM9,8604.136
CRTE8389ZZJS6W9E,1623.3121
CRTECN2QZFRKZPZU,3114.9963
TOPE89KYEWKHKRDZ,1151.9369
SHIEBXSH3GADDFBP,2620.5542
CRTECN2QYZ9YX3JR,3954.9714
BDSEJJ7CMKHRWVCZ,7136.1294
BRAE8EHTGUTM8CX2,9685.185
BRAE3P8YRJ69HFQT,8378.387
SUDEGGATYHBGUFTF,3026.3098
NKCE9YX36WBZF9HJ,6076.085
SUIE5GT3DSJCKEJF,1350.5518
RTRDYKU6F2GVR3CR,502.97153
ACCEGH6TEZ8CAXEH,1952.7399
SRTEGWKHGMNG3WRJ,4726.793
CRTECN2RCNAMYX2E,7254.677
ACCEGG9Z4QCZJZFJ,4095.1375
BRAE4S2FYF4RN49J,1766.3097
ACCEAHRFFH3S7HFF,1430.0408
NKCE9JBQGG5PHQFM,4568.882
CRTECN2QYU4SJADV,3635.7412
NKCECQYZNVJKFMJV,12018.284
RNGDUZU5VCYXAAEM,1868.3241
SUDEHYGU9BE2XETS,6844.4404
PBXE5YGWHPQGBWG3,3954.9714
ACCEGGAYDMUYE7SK,7345.5547
WATEHVHJHMCGW3VN,503.53494
MUGECJZ23GD5PE6C,2940.9075
PADEHZFHGHFQJAXV,5553.385
CRTECN2R7EXGYGFZ,4476.162
PBXEAJVRRK6MXXKH,2459.1294
PBXE9YWJHHERWPG4,5566.673
WATDFFH3PGFHHZH8,16817.033
TOPEGFXU8ZAGFGNZ,1389.6284
SHOE6ZQEB694PVM8,3779.258
ACCE8VP6PZDUEYGP,2801.9592
WATE2FAGESM5B5VZ,7087.5693
BRAECC9JFBY5YSEY,4245.713
BRAEYFDGSY9S9ZDW,3810.8352
PELEGPF7C9YZFKDM,3683.7617
ACCE93ZDRDSJD3RG,2417.7124
NKCE9YFB9BZZ8ZFF,12391.435
JWSDZCHGUTXYUGZD,9314.335
SHIE7DFNVCR8KUGP,3641.257
NKCE9PFFXGMFX5PB,9321.809
CRTECN2RZRH6FTYZ,2089.8525
JWSEJFMHQEMPZPGK,4245.7534
CAGDU9C3ZBMU4CGR,834.0912
PACE5M34GBFNK4F3,6397.4136
BRAE8WYHXBEEPGDQ,2844.4639
RNGED78RWSSAT7GT,9303.3125
NKCECGT3EZHNNRAT,7122.5654
TMLED7GYYPZ3ZXGW,5136.2275
PELEJUCGUAPQRCZX,8684.172
BRAE6ZCHHPFNBYNU,1385.2087
SUDEGGATXD4BMC2G,4440.346
ACCEGG9Z5UB2JZYH,2532.6802
LJGEJQ4NA7BDGQWZ,4925.519
JCKEJFPDVWBKHPFY,875.4295
RNGEE8ZHQ4HRM5WY,7303.0547
CRTECN2QTCW9VDKR,2802.4001
RNGE9HE7BKMCZGRV,4956.5156
CRTECN2QYYFYJFTV,2392.5088
BRADM8DWSRMPPNNX,1405.0321
SHIE7VFYJHKGMXUR,3087.504
TOPE8ZAFC7JSV7QX,4015.5095
VANEGQCWZYFZ3EYJ,6821.633
TOPEYY5YK3WEGGXX,3633.2922
MNGEJPST4MZDZCHT,2578.0496
PYJEJMHJNXJ6NGKC,10400.779
PADEHZFHCNQGWNNS,3805.3193
CRTECN2QTWDYRKGW,2651.6003
JWSDSCB7SN9AYB4B,8308.282
RNGEAM4ZFGWHWMYZ,4302.0884
TOPEBRYGRZFGPMHP,2292.253
GLSEHEHZAZEJMRVF,6398.3833
ACCDYAGVFPSCPQUY,6214.4766
NKCEAJP6DGFV8AEZ,10403.846
CAGE7CJVGGHQYZDQ,309.13297
SNDEBYH3ZR33KSAG,6844.4404
RTRDK7TWJB6RCNP9,4460.629
RTRE38HF433WXQJD,3463.714
SNDEDG6HNGZDZXBV,1548.9038
BRAEDT7STGZCKHEB,5757.5527
ACCE6RHG47DESW3Q,944.8494
CSPEGMVJJDYAYQYG,4520.808
NKCE2NKZT6GSFFV5,2902.9995
ACCEGG9UN8H6EHGA,2001.7224
WATEBJ37KBB3SEBR,3641.257
CRTECN2QSGCA6CSF,2578.0496
SNDEHZPDSQZYASGW,4554.3633
CAGEYUXVHFYNCAYD,7087.5693
PCSE69MFRZSMYVRH,1908.1942
SNDEHZPDZMNZGHEQ,3133.0132
MUGEAGGKQMGVUVJT,2021.5458
SHOE3S9BGUAGYE5X,4404.8467
MUGEAGGKHU2G6PT8,3114.9963
SHOEBG79YJZD9C33,2096.6118
GKEE5ZZ34VYKVZEK,6615.9746
ECIEF6JYYJ4PHJ3Q,6214.4766
TROEGNRFM8FCZHHM,2222.0422
SHTEYSPQAB9KAUVG,760.3766
TWCEJFXH4EU2JZYG,9565.594
WATE6S3AMDGT5PVG,2904.7893
MTYEJJAQYHCNKYZZ,5288.5864
NKCE845VFGMPFFMT,9154.869
BRAE3WVQSRGWGHZV,7434.571
ACCEKFVWTGZXG5XK,5215.2227
BRAEE6YMKFPSHPY3,1441.4957
RNGE7M92FZVK8YWH,6615.9746
BRAEBBMQWZYHZFGE,1152.3992
ACCEGZ66ATHMFPJV,696.2394
NKCE7UEX7BGCCZUY,4509.075
CAGE5H7JE9G72SHT,7932.0776
TMLECXEQGAQXQKDG,4814.414
NKCECZFZY9YTKGTW,5865.208
SHIECFNXZ7W9GVYZ,4288.2173
MUGEAGGKZEFKTZ8U,3998.1145
SHOEFECFFYBYP9QR,4245.713
GLSEHB7RQJFVT6GS,1172.8606
NKCEASCZU8K6XDGF,1076.8711
LFHDBF4BY3PS66NG,4754.1597
TOPE8E8NZP256K8G,4405.4946
SNDE8SSKSSARAXHJ,8001.5107
CRTECN2QXHGGKHWV,3552.4006
JEAE9PP49AH6PQCW,4221.384
PCSE94FSG87ETQY2,2402.8857
NKCEANMPNFSQ2K6X,4669.6367
PCSECV3FTHYGHHHF,1222.6688
GRKEG679TVS7CSPA,3059.4668
TOPE7T5FMBVW9EFY,9524.056
SHOECXZEHUBBZYJV,5438.4897
CCVEFV4RRNH9FAHH,3512.0217
PCSDYQEVCWZSZH8V,9828.481
BRAE3TSHUSJJYKM7,1553.6301
PADEHZFHMTEUP8YG,4046.135
NKCE6UWHWNCNCFQF,3075.084
MUGE6S9YXRP8MRQC,3633.2922
WATECKYCCMXUQQMS,5484.1626
SHOEJNY2X4CUEGTM,5715.399
PCSEAKVBCZWH8HDS,8891.392
NKCDV9SXP4JGZDKK,2024.7272
BDSEJTHNGWVGWWQU,2417.7124
BRAEYPGFGBRMAEZA,7086.373
NKCE8RB5WMWAWNHJ,3238.737
BRAECKHZRU4RZKQH,6518.371
HRCEHF2CDHYWPFVN,5483.7383
WATE8PBFJDAEDYFQ,7148.9795
TOPE8QNKRJHBNWNV,4629.4473
PBXEAJVRSJFJ2APN,3337.6335
SUDEHYGUFAGB4NYH,5171.1416
JEAEGGDJGFGQXEKV,3423.3684
SHTEDCZWPM7F8GAM,4240.1973
WATE3NWHWKVDFSDN,1541.6415
ACCECHF4VZYHA4XZ,4680.6587
PTPDVPEXSANDVSJQ,4245.713
JEAEGHQYYGDYDBWY,1490.4783
BRAEDSKCYE7BNKZ4,5865.208
VLBEHHWFMGCMEM4K,1660.55
TOPEHXA27XJFNSGV,2024.7272
ACCEGH6SEMYHF34Y,4476.4355
RNGE7M922VGFBDGG,4451.6045
CRTECN2QZ4XUY84U,514.7106
ACBECFGTYJ3E8VHE,5223.864
NKCE38HBJCPPYWKH,854.0434
BRAE7SQFKFNVCTB9,7285.921
TOPDW7AQKZZHFCZF,4326.4634
SHIE9YDH4WHHEXZH,5775.6533
DRPEHYHMEUCSYGKA,4302.0884
RNGEHFDYGPHZ3HGA,2904.4019
SHOEJVGTSYMHYFBX,3238.737
ACCEJGH5QTFVXQZT,5284.118
SHTEJT4D7Y9NTWYZ,1453.5524
TOPEHZPAPFNFEHBG,541.362
NKCE52CSJEGXP6FR,630.752
PELEJUCGBEHUGMZF,11070.886
BRAEAREZG4Z6ZFK9,4244.843
TOPEHTU4FN9KEAHJ,4968.7856
PCSE4FKC73GEKW7W,2694.105
CLTEGMYW2RWRDH5X,5865.208
ACCEGH6SF89RGZQD,3641.257
NKCEANMPGJAZ7BHE,4344.593
CRTEA7HAXMYFVGXX,2845.1807
NKCDU4RZQRXJH4JF,1896.0308
MUGEACY8QGADG5VG,5463.83
PBXEAXGWYNVUUQVY,2926.1409
CRTECN2QVE4KYGWY,2802.4001
NSTEJHERS3AKXUCW,4404.8467
SHIEC8ASQEPSK7FZ,272.71268
RTRD8FNG6FUTFZQJ,2654.2207
ACCDXFPFEDJCKQJ3,11257.755
BALEGFXZGSRGJKJY,2801.9592
TOPEBQGGJ2C7Y7HZ,5865.208
CAGE6FZSZXFKQHZP,913.4188
TKPEGFWWV9K7PMMD,8103.7915
RPEEGGDJN5D8HFRM,4088.6396
NKCE6TNZ9YGRGVNF,11007.128
CRTECN2QSGWBHY9F,7745.827
ACCEAHRFCDZHX2CG,9303.3125
BRAE75HSN6B5RA9V,7087.5693
TOPE8N3BAE7QWZFY,1043.2393
WSCEFE4RZ8FRPQTD,3985.503
MUGEGWT5RGJJHSGN,5223.864
MUGEBJ7XHH5AVZV7,3552.4006
PCSEC86VAFUTHBPX,7186.965
CRTECN2QUTDWFYGA,2292.253
NKCE9PFFYZYCKJFB,4731.1035
RNGE864HRQRATXWQ,4088.6396
WATE3GEY74QU9T35,1548.9038
WATE9MVXX3DZ5UKD,4103.399
MUGEBFGFYWQRWYDN,2292.253
TOPE9KJEYHXXNBGC,2188.729
TOPECMKVPCH2ZZTY,4754.1597
SGLEGBV8VGCMH77F,4105.79
WATDKB7JW7USDVZ6,2476.9336
TLPEHAKFGFC9QPM4,5304.0264
JUMEBKQJUZHCZHHM,2578.0496
JWSEEBEEHKG4ZGRG,8731.603
CRTECN2QSUHUEZZD,3644.6338
RNGE7M92NZGZSZJQ,4035.5796
TOPE593EQJA4WW4Z,5167.004
BRAEDGM2YE58PGPV,3489.2515
PBXEANB7QGWSP25F,1217.2861
BRAEE6YMKGHQ4C4K,3133.0132
TOPDYMSXBMBWVAS4,7932.0776
MATEHFNMZVV9HYUV,11376.356
KRTEFG6MGMW4FQXF,800.30554
SNDEE34XM8XB6ZEX,849.17523
TOPE6HZUKGTFPUFP,6137.495
TOPE954FF9KJSZZN,4288.2173
NKCECGVAZYG6SF5S,380.84628
PBXE4Q7YBMXJ53ZG,2044.5505
ACCEGXDJMWKWYHPP,4259.965
PCSE6X3Y2HSTHBDW,6724.0293
SHIEBZB4U7BKYJTU,3463.714
NKCEAFC847CUEYZX,1219.389
CAGE9JEFFUQQNQHW,10745.702
TSHE8Z4HYFUWCVYB,7454.4204
NKCDU4RZURUGSZZ6,3594.9053
SHIEFFFPMFH8SZZM,4103.399
DIAEJ6Z8BEDTGGYY,4302.0884
RNGEDAK9ZZR8MGY4,5865.208
SNDEHZQ7BSZZJRDT,4541.6094
NKCEAP3S6TDGRDVY,10364.892
MUGE8DTSSBPHDZWA,2385.4778
SNDEARQ3EKZNNP4M,11815.204
ACCEGKTTMBKZT7JR,1857.8507
NKCEAVZ3QEWNHQNR,5729.994
SHTEJRCHC5KESPYX,2920.635
BBAEJK8Z5UD97GTP,2654.2207
PCSEDUT3FS8UTKJQ,7634.3755
BRAE3Y4ZZZJHJVHV,8524.548
PTYEDMT4FRUDXZCP,3150.0505
PCSEAH5WZNWYJE8M,7696.863
BRAEEG6TFTNVFCRM,2388.9187
PACEFVZZ2R8ZE5ZH,3377.2915
TOPDU2HZGVTAAQJW,4362.99
BRAEBBMQY4T7DFH6,2188.4224
TSHEHU5RXEVXH3P7,5438.4897
WATECSW5VZSZETGS,4363.529
SGLEGBV7K2MGEGRB,7645.286
WATDP5NHENJGYYXF,7454.4204
SUDEHYGUYBE5KGMW,4116.336
RTRDQZ8Z72FRMKGX,197.6381
SHIEAVW5MYGJ4BRR,603.6451
ACCDXH5JXWABF7GH,3641.257
TOPE8TQDQDHZZY9S,4783.4175
BRAE3TSHXZFRYAZQ,4958.251
ACCDXFAGYWTHWYGT,940.8102
SWSEBGYUPTH7GSHE,6821.633
DREE9QSVADZEKNJS,4585.285
PBXE5CFUTETHWRZH,1906.188
SHIED78RWUCDPFRH,5674.0093
NKCE69P8PC5VR7NY,3917.223
WATEHYHNCANKP5VZ,6137.7803
NKCE7PZPRZFYKW3M,3765.7588
CHUEF7C3NGW54VJJ,4215.0874
NKCE9Q93CUEMGS46,4956.5156
RTRE2V3Y6FWVHDW5,3354.7544
BRAEE4UZZVMJUGE3,1309.6807
SHIE7G263EDTSDU5,4288.2173
BRAE3TSHRTGMZA44,7932.0776
TOPEHWDGQD9NR6QD,1786.133
NKCEFMZUJEWN3HXY,2160.0632
CBKEHJUH7WPZEEGK,6091.016
CRTECN2QXZUFSGHZ,4667.7227
SWSEBHCPAKWKRDPR,9300.725
ACCEAMGZGAQWYYMV,3684.1829
CRTECN2QZGUQPR93,4116.801
SHOEJBSZ8FS9SNJR,446.3494
BRAE6ZCHV2ZAA9US,2845.1807
SUDEGGB28WWTGFUY,6615.9746
ACCEAHRFFKPGUGGX,4669.6367
BRAEBBMQZDMZAEBV,1057.0477
NKCED6EXXSFZGQP8,309.13297
SHTECN9HFVZYP2V9,3133.0132
RTREAX3DGDRSSYFT,1240.6746
RNGE65FGK2TMUC2A,9508.494
ACCEGZ8EWQ7RMZTZ,6457.5986
BRAE4DHZEAPXQVRG,1510.6083
CAGECHKFAMZCKPFT,115.60136
PCSE6SJG9SMAGGHY,3808.2634
SNDE25SG2HRJF9JH,1139.5442
NKCEAVZ3FCDEUZHG,5117.227
ACCEG7AG8EUZRRZY,5933.159
SHOECH3WZHFCVZWU,3667.368
TOPEAKYKZKRHPMHX,3765.7588
NDNEJRAZNQBZQWQK,12762.349
MUGEBFGFDQYJG5TW,5080.1226
BBAE9K7BXFUTDNBK,3761.863
RTRDYPA4PJHCJCGF,9184.836
TUNE8FWQBS7TVVT7,6865.49
NKCEGMUABCRGUZPE,3280.7786
RNGE7M92KAQWUBCS,978.3915
